code,name,name_phonetic,area_information_city_code,used_by_regular_seismic_intensity,used_by_realtime_seismic_intensity,used_by_long_seismic_intensity
0123500,石狩市花川,いしかりしはなかわ,0123500,1,1,
0123501,石狩市聚富,いしかりししっぷ,0123500,1,1,
0123520,石狩市厚田,いしかりしあつた,0123500,1,,
0123521,石狩市浜益,いしかりしはまます,0123500,1,,
0123522,石狩市花畔,いしかりしばんなぐろ,0123500,1,,
0130320,当別町白樺,とうべつちょうしらかば,0130300,1,,
0130431,新篠津村第４７線,しんしのつむらだいよんじゅうななせん,0130400,1,,
0110100,札幌中央区北２条,さっぽろちゅうおうくきたにじょう,0110100,1,1,
0110140,札幌中央区南４条,さっぽろちゅうおうくみなみよじょう,0110100,1,,
0110220,札幌北区太平,さっぽろきたくたいへい,0110200,1,,
0110240,札幌北区篠路,さっぽろきたくしのろ,0110200,1,,
0110241,札幌北区新琴似,さっぽろきたくしんことに,0110200,1,,
0110341,札幌東区元町,さっぽろひがしくもとまち,0110300,1,,
0110441,札幌白石区北郷,さっぽろしろいしくきたごう,0110400,1,,
0110540,札幌豊平区月寒東,さっぽろとよひらくつきさむひがし,0110500,1,,
0110621,札幌南区定山渓温泉,さっぽろみなみくじょうざんけいおんせん,0110600,1,,
0110642,札幌南区川沿,さっぽろみなみくかわぞえ,0110600,1,,
0110643,札幌南区石山,さっぽろみなみくいしやま,0110600,1,,
0110740,札幌西区琴似,さっぽろにしくことに,0110700,1,,
0110840,札幌厚別区もみじ台,さっぽろあつべつくもみじだい,0110800,1,,
0110940,札幌手稲区前田,さっぽろていねくまえだ,0110900,1,,
0111040,札幌清田区平岡,さっぽろきよたくひらおか,0111000,1,,
0121700,江別市高砂町,えべつしたかさごちょう,0121700,1,1,
0121720,江別市緑町,えべつしみどりまち,0121700,1,,
0122400,千歳市北栄,ちとせしほくえい,0122400,1,1,
0122401,新千歳空港,しんちとせくうこう,0122400,1,1,
0122420,千歳市若草,ちとせしわかくさ,0122400,1,,
0122421,千歳市支笏湖温泉,ちとせししこつこおんせん,0122400,1,,
0123100,恵庭市漁平,えにわしいざりだいら,0123100,1,1,
0123130,恵庭市京町,えにわしきょうまち,0123100,1,,
0123421,北広島市中の沢,きたひろしましなかのさわ,0123400,1,,
0134601,八雲町上の湯,やくもちょうかみのゆ,0134600,1,1,
0134620,八雲町住初町,やくもちょうすみぞめちょう,0134600,1,,
0134621,八雲町熊石雲石町,やくもちょうくまいしうんせきちょう,0134600,1,,
0134720,長万部町平里,おしゃまんべちょうひらさと,0134700,1,,
0120201,函館市尾札部町,はこだてしおさつべちょう,0120200,1,1,
0120202,函館市美原,はこだてしみはら,0120200,1,1,
0120220,函館市大森町,はこだてしおおもりちょう,0120200,1,,
0120221,函館市泊町,はこだてしとまりまち,0120200,1,,
0120222,函館市新浜町,はこだてししんはまちょう,0120200,1,,
0120223,函館市川汲町,はこだてしかっくみちょう,0120200,1,,
0120231,函館市日ノ浜町,はこだてしひのはまちょう,0120200,1,,
0123632,渡島北斗市中央,おしまほくとしちゅうおう,0123600,1,,
0123633,渡島北斗市本町,おしまほくとしほんちょう,0123600,1,,
0133701,七飯町桜町,ななえちょうさくらまち,0133700,1,1,
0133720,七飯町本町,ななえちょうほんちょう,0133700,1,,
0134320,鹿部町宮浜,しかべちょうみやはま,0134300,1,,
0134503,渡島森町御幸町,おしまもりまちみゆきちょう,0134500,1,1,
0134520,渡島森町上台町,おしまもりまちうわだいちょう,0134500,1,,
0134531,渡島森町砂原,おしまもりまちさわら,0134500,1,,
0133100,渡島松前町福山,おしままつまえちょうふくやま,0133100,1,1,
0133101,渡島松前町清部,おしままつまえちょうきよべ,0133100,1,,
0133220,福島町福島,ふくしまちょうふくしま,0133200,1,,
0133300,知内町小谷石,しりうちちょうこたにいし,0133300,1,1,
0133331,知内町重内,しりうちちょうおもない,0133300,1,,
0133421,木古内町木古内,きこないちょうきこない,0133400,1,,
0136101,檜山江差町姥神,ひやまえさしちょううばがみ,0136100,1,1,
0136120,檜山江差町中歌町,ひやまえさしちょうなかうたちょう,0136100,1,,
0136220,上ノ国町湯ノ岱,かみのくにちょうゆのたい,0136200,1,,
0136221,上ノ国町小砂子,かみのくにちょうちいさご,0136200,1,,
0136231,上ノ国町大留,かみのくにちょうおおどめ,0136200,1,,
0136320,厚沢部町木間内,あっさぶちょうきまない,0136300,1,,
0136331,厚沢部町新町,あっさぶちょうしんまち,0136300,1,,
0136431,乙部町緑町,おとべちょうみどりまち,0136400,1,,
0137020,今金町今金,いまかねちょういまかね,0137000,1,,
0137100,せたな町北檜山区豊岡,せたなちょうきたひやまくとよおか,0137100,1,1,
0137120,せたな町大成区都,せたなちょうたいせいくみやこ,0137100,1,,
0137121,せたな町瀬棚区本町,せたなちょうせたなくほんちょう,0137100,1,,
0137122,せたな町瀬棚区北島歌,せたなちょうせたなくきたしまうた,0137100,1,,
0137131,せたな町北檜山区徳島,せたなちょうきたひやまくとくしま,0137100,1,,
0120300,小樽市勝納町,おたるしかつないちょう,0120300,1,1,
0120320,小樽市花園町,おたるしはなぞのちょう,0120300,1,,
0140500,積丹町日司町,しゃこたんちょうひづかちょう,0140500,1,1,
0140520,積丹町美国町,しゃこたんちょうびくにちょう,0140500,1,,
0140521,積丹町余別町,しゃこたんちょうよべつちょう,0140500,1,,
0140632,古平町浜町,ふるびらちょうはまちょう,0140600,1,,
0140731,仁木町西町,にきちょうにしまち,0140700,1,,
0140800,余市町朝日町,よいちちょうあさひちょう,0140800,1,1,
0140820,余市町浜中町,よいちちょうはまなかちょう,0140800,1,,
0140920,赤井川村赤井川,あかいがわむらあかいがわ,0140900,1,,
0139520,ニセコ町中央通,にせこちょうちゅうおうどおり,0139500,1,,
0139632,真狩村真狩,まっかりむらまっかり,0139600,1,,
0139731,留寿都村留寿都,るすつむらるすつ,0139700,1,,
0139820,喜茂別町喜茂別,きもべつちょうきもべつ,0139800,1,,
0139931,京極町京極,きょうごくちょうきょうごく,0139900,1,,
0140000,倶知安町南１条,くっちゃんちょうみなみいちじょう,0140000,1,1,
0140020,倶知安町北４条,くっちゃんちょうきたよじょう,0140000,1,,
0139100,島牧村江ノ島,しままきむらえのしま,0139100,1,1,
0139120,島牧村泊,しままきむらとまり,0139100,1,,
0139201,寿都町新栄,すっつちょうしんえい,0139200,1,1,
0139220,寿都町渡島,すっつちょうとしま,0139200,1,,
0139321,黒松内町黒松内,くろまつないちょうくろまつない,0139300,1,,
0139420,蘭越町蘭越,らんこしちょうらんこし,0139400,1,,
0140131,共和町南幌似,きょうわちょうみなみほろに,0140100,1,,
0140201,岩内町高台,いわないちょうたかだい,0140200,1,1,
0140220,岩内町清住,いわないちょうきよずみ,0140200,1,,
0140331,泊村茅沼村,とまりむらかやぬまむら,0140300,1,,
0140420,神恵内村神恵内,かもえないむらかもえない,0140400,1,,
0136701,奥尻町松江,おくしりちょうまつえ,0136700,1,1,
0136732,奥尻町奥尻,おくしりちょうおくしり,0136700,1,,
0122820,深川市１条,ふかがわしいちじょう,0122800,1,,
0143331,妹背牛町妹背牛,もせうしちょうもせうし,0143300,1,,
0143431,秩父別町役場,ちっぷべつちょうやくば,0143400,1,,
0143700,北竜町竜西,ほくりゅうちょうりゅうさい,0143700,1,1,
0143731,北竜町和,ほくりゅうちょうやわら,0143700,1,,
0143820,沼田町沼田,ぬまたちょうぬまた,0143800,1,,
0121600,芦別市旭町,あしべつしあさひちょう,0121600,1,1,
0121620,芦別市北２条,あしべつしきたにじょう,0121600,1,,
0121831,赤平市泉町,あかびらしいずみまち,0121800,1,,
0122500,滝川市大町,たきかわしおおまち,0122500,1,1,
0122520,滝川市新町,たきかわししんまち,0122500,1,,
0122632,砂川市西７条,すながわしにしななじょう,0122600,1,,
0122731,歌志内市本町,うたしないしほんちょう,0122700,1,,
0142432,奈井江町奈井江,ないえちょうないえ,0142400,1,,
0142532,上砂川町上砂川,かみすながわちょうかみすながわ,0142500,1,,
0143130,浦臼町ウラウスナイ,うらうすちょううらうすない,0143100,1,,
0143232,新十津川町中央,しんとつかわちょうちゅうおう,0143200,1,,
0143632,雨竜町フシコウリウ,うりゅうちょうふしこうりう,0143600,1,,
0120900,夕張市若菜,ゆうばりしわかな,0120900,1,1,
0121000,岩見沢市５条,いわみざわしごじょう,0121000,1,1,
0121021,岩見沢市鳩が丘,いわみざわしはとがおか,0121000,1,,
0121032,岩見沢市北村赤川,いわみざわしきたむらあかがわ,0121000,1,,
0121034,岩見沢市栗沢町東本町,いわみざわしくりさわちょうひがしほんちょう,0121000,1,,
0121501,美唄市西５条,びばいしにしごじょう,0121500,1,1,
0121520,美唄市西３条,びばいしにしさんじょう,0121500,1,,
0122231,三笠市幸町,みかさしさいわいちょう,0122200,1,,
0142331,南幌町栄町,なんぽろちょうさかえまち,0142300,1,,
0142720,由仁町新光,ゆにちょうしんこう,0142700,1,,
0142831,長沼町中央,ながぬまちょうちゅうおう,0142800,1,,
0142931,栗山町松風,くりやまちょうまつかぜ,0142900,1,,
0143020,月形町円山公園,つきがたちょうまるやまこうえん,0143000,1,,
0122001,士別市朝日町,しべつしあさひちょう,0122000,1,1,
0122002,士別市東６条,しべつしひがしろくじょう,0122000,1,1,
0122021,士別市東３条,しべつしひがしさんじょう,0122000,1,,
0122100,名寄市大通,なよろしおおどおり,0122100,1,1,
0122120,名寄市西５条,なよろしにしごじょう,0122100,1,,
0122131,名寄市風連町,なよろしふうれんちょう,0122100,1,,
0146420,和寒町西町,わっさむちょうにしまち,0146400,1,,
0146531,剣淵町仲町,けんぶちちょうなかまち,0146500,1,,
0146820,下川町北町,しもかわちょうきたまち,0146800,1,,
0146920,美深町西町,びふかちょうにしまち,0146900,1,,
0146921,美深町仁宇布,びふかちょうにうぷ,0146900,1,,
0147020,音威子府村音威子府,おといねっぷむらおといねっぷ,0147000,1,,
0147120,上川中川町中川,かみかわなかがわちょうなかがわ,0147100,1,,
0147220,幌加内町平和,ほろかないちょうへいわ,0147200,1,,
0147221,幌加内町朱鞠内,ほろかないちょうしゅまりない,0147200,1,,
0120401,旭川市宮前１条,あさひかわしみやまえいちじょう,0120400,1,1,
0120420,旭川市７条,あさひかわしななじょう,0120400,1,,
0145231,鷹栖町南１条,たかすちょうみなみいちじょう,0145200,1,,
0145332,東神楽町南１条,ひがしかぐらちょうみなみいちじょう,0145300,1,,
0145431,当麻町３条,とうまちょうさんじょう,0145400,1,,
0145531,比布町北町,ぴっぷちょうきたまち,0145500,1,,
0145620,愛別町南町,あいべつちょうみなみまち,0145600,1,,
0145701,上川地方上川町越路,かみかわちほうかみかわちょうこしじ,0145700,1,1,
0145720,上川地方上川町花園町,かみかわちほうかみかわちょうはなぞのちょう,0145700,1,,
0145721,上川地方上川町清川,かみかわちほうかみかわちょうきよかわ,0145700,1,,
0145830,東川町東町,ひがしかわちょうひがしまち,0145800,1,,
0145920,美瑛町本町,びえいちょうもとまち,0145900,1,,
0145921,美瑛町忠別,びえいちょうちゅうべつ,0145900,1,,
0122900,富良野市若松町,ふらのしわかまつちょう,0122900,1,1,
0122920,富良野市末広町,ふらのしすえひろちょう,0122900,1,,
0146000,上富良野町大町,かみふらのちょうおおまち,0146000,1,1,
0146131,中富良野町本町,なかふらのちょうもとまち,0146100,1,,
0146200,南富良野町幾寅,みなみふらのちょういくとら,0146200,1,1,
0146220,南富良野町役場,みなみふらのちょうやくば,0146200,1,,
0146320,占冠村中央,しむかっぷむらちゅうおう,0146300,1,,
0148331,苫前町旭,とままえちょうあさひ,0148300,1,,
0148400,羽幌町南３条,はぼろちょうみなみさんじょう,0148400,1,1,
0148401,羽幌町焼尻,はぼろちょうやぎしり,0148400,1,1,
0148420,羽幌町南町,はぼろちょうみなみまち,0148400,1,,
0148500,初山別村有明,しょさんべつむらありあけ,0148500,1,1,
0148520,初山別村初山別,しょさんべつむらしょさんべつ,0148500,1,,
0148620,遠別町本町,えんべつちょうほんちょう,0148600,1,,
0148720,天塩町川口,てしおちょうかわぐち,0148700,1,,
0121201,留萌市大町,るもいしおおまち,0121200,1,1,
0121220,留萌市幸町,るもいしさいわいちょう,0121200,1,,
0148120,増毛町見晴町,ましけちょうみはらしちょう,0148100,1,,
0148121,増毛町岩尾,ましけちょういわお,0148100,1,,
0148220,小平町鬼鹿,おびらちょうおにしか,0148200,1,,
0148221,小平町達布,おびらちょうたっぷ,0148200,1,,
0121401,稚内市恵北,わっかないしけいほく,0121400,1,1,
0121402,稚内市開運,わっかないしかいうん,0121400,1,1,
0121420,稚内市中央,わっかないしちゅうおう,0121400,1,,
0121421,稚内市宗谷岬,わっかないしそうやみさき,0121400,1,,
0121423,稚内市沼川,わっかないしぬまかわ,0121400,1,,
0151121,猿払村浅茅野,さるふつむらあさじの,0151100,1,,
0151122,猿払村浜鬼志別,さるふつむらはまおにしべつ,0151100,1,,
0151620,豊富町西６条,とよとみちょうにしろくじょう,0151600,1,,
0152031,幌延町宮園町,ほろのべちょうみやぞのまち,0152000,1,,
0151220,浜頓別町クッチャロ,はまとんべつちょうくっちゃろ,0151200,1,,
0151320,中頓別町中頓別,なかとんべつちょうなかとんべつ,0151300,1,,
0151401,宗谷枝幸町岬町,そうやえさしちょうみさきちょう,0151400,1,1,
0151403,宗谷枝幸町本町,そうやえさしちょうほんちょう,0151400,1,1,
0151420,宗谷枝幸町栄町,そうやえさしちょうさかえちょう,0151400,1,,
0151421,宗谷枝幸町歌登東町,そうやえさしちょううたのぼりひがしまち,0151400,1,,
0151422,宗谷枝幸町風烈布,そうやえさしちょうふうれっぷ,0151400,1,,
0151700,礼文町上泊埼,れぶんちょううえどまりさき,0151700,1,1,
0151720,礼文町香深,れぶんちょうかふか,0151700,1,,
0151721,礼文町船泊,れぶんちょうふなどまり,0151700,1,,
0151831,利尻町沓形,りしりちょうくつがた,0151800,1,,
0151900,利尻富士町鬼脇,りしりふじちょうおにわき,0151900,1,1,
0151920,利尻富士町鴛泊,りしりふじちょうおしどまり,0151900,1,,
0121100,網走市台町,あばしりしだいまち,0121100,1,,
0121120,網走市南６条,あばしりしみなみろくじょう,0121100,1,,
0154301,美幌町東３条,びほろちょうひがしさんじょう,0154300,1,1,
0154420,津別町幸町,つべつちょうさいわいまち,0154400,1,,
0154500,斜里町本町,しゃりちょうほんまち,0154500,1,1,
0154521,斜里町ウトロ香川,しゃりちょううとろかがわ,0154500,1,,
0154631,清里町羽衣町,きよさとちょうはごろもまち,0154600,1,,
0154721,小清水町小清水,こしみずちょうこしみず,0154700,1,,
0156432,大空町東藻琴,おおぞらちょうひがしもこと,0156400,1,,
0156433,大空町女満別西３条,おおぞらちょうめまんべつにしさんじょう,0156400,1,,
0120800,北見市公園町,きたみしこうえんちょう,0120800,1,1,
0120803,北見市常呂町東浜,きたみしところちょうひがしはま,0120800,1,1,
0120810,北見市留辺蘂町温根湯温泉,きたみしるべしべちょうおんねゆおんせん,0120800,1,1,
0120820,北見市南仲町,きたみしみなみなかまち,0120800,1,,
0120821,北見市常呂町常呂,きたみしところちょうところ,0120800,1,,
0120822,北見市留辺蘂町栄町,きたみしるべしべちょうさかえまち,0120800,1,,
0120823,北見市留辺蘂町富士見,きたみしるべしべちょうふじみ,0120800,1,,
0120831,北見市端野町二区,きたみしたんのちょうにく,0120800,1,,
0154931,訓子府町東町,くんねっぷちょうひがしまち,0154900,1,,
0155020,置戸町拓殖,おけとちょうたくしょく,0155000,1,,
0155221,佐呂間町永代町,さろまちょうえいだいちょう,0155200,1,,
0121901,紋別市南が丘町,もんべつしみなみがおかちょう,0121900,1,1,
0121921,紋別市北浜町,もんべつしきたはまちょう,0121900,1,,
0155500,遠軽町丸瀬布金湧山,えんがるちょうまるせっぷきんゆうざん,0155500,1,1,
0155520,遠軽町学田,えんがるちょうがくでん,0155500,1,,
0155521,遠軽町白滝,えんがるちょうしらたき,0155500,1,,
0155531,遠軽町生田原,えんがるちょういくたはら,0155500,1,,
0155920,湧別町栄町,ゆうべつちょうさかえまち,0155900,1,,
0155931,湧別町上湧別,ゆうべつちょうかみゆうべつ,0155900,1,,
0156020,滝上町旭町,たきのうえちょうあさひまち,0156000,1,,
0156120,興部町興部,おこっぺちょうおこっぺ,0156100,1,,
0156220,西興部村西興部,にしおこっぺむらにしおこっぺ,0156200,1,,
0156301,雄武町雄武,おうむちょうおうむ,0156300,1,1,
0123300,胆振伊達市梅本,いぶりだてしうめもと,0123300,1,1,
0123320,胆振伊達市末永町,いぶりだてしすえながちょう,0123300,1,,
0123321,胆振伊達市大滝区本町,いぶりだてしおおたきくほんちょう,0123300,1,,
0157120,豊浦町大岸,とようらちょうおおきし,0157100,1,,
0157520,壮瞥町滝之町,そうべつちょうたきのまち,0157500,1,,
0158432,洞爺湖町栄町,とうやこちょうさかえちょう,0158400,1,,
0158433,洞爺湖町洞爺町,とうやこちょうとうやまち,0158400,1,,
0120501,室蘭市山手町,むろらんしやまてちょう,0120500,1,1,
0120520,室蘭市寿町,むろらんしことぶきちょう,0120500,1,,
0121301,苫小牧市末広町,とまこまいしすえひろちょう,0121300,1,1,
0121320,苫小牧市旭町,とまこまいしあさひまち,0121300,1,,
0123000,登別市鉱山,のぼりべつしこうざん,0123000,1,1,
0123020,登別市桜木町,のぼりべつしさくらぎちょう,0123000,1,,
0157810,白老町竹浦,しらおいちょうたけうら,0157800,1,1,
0157820,白老町緑丘,しらおいちょうみどりがおか,0157800,1,,
0158100,厚真町鹿沼,あつまちょうしかぬま,0158100,1,1,
0158131,厚真町京町,あつまちょうきょうまち,0158100,1,,
0158520,安平町早来北進,あびらちょうはやきたほくしん,0158500,1,,
0158521,安平町追分柏が丘,あびらちょうおいわけかしわがおか,0158500,1,,
0158620,むかわ町松風,むかわちょうまつかぜ,0158600,1,,
0158621,むかわ町穂別,むかわちょうほべつ,0158600,1,,
0160120,日高地方日高町日高,ひだかちほうひだかちょうひだか,0160100,1,,
0160121,日高地方日高町門別,ひだかちほうひだかちょうもんべつ,0160100,1,,
0160200,平取町仁世宇,びらとりちょうにせう,0160200,1,1,
0160220,平取町本町,びらとりちょうほんちょう,0160200,1,,
0160221,平取町振内,びらとりちょうふれない,0160200,1,,
0160431,新冠町北星町,にいかっぷちょうほくせいちょう,0160400,1,,
0161001,新ひだか町静内山手町,しんひだかちょうしずないやまてちょう,0161000,1,1,
0161002,新ひだか町静内御園,しんひだかちょうしずないみその,0161000,1,1,
0161020,新ひだか町静内御幸町,しんひだかちょうしずないみゆきちょう,0161000,1,,
0161021,新ひだか町三石旭町,しんひだかちょうみついしあさひまち,0161000,1,,
0161022,新ひだか町静内農屋,しんひだかちょうしずないのや,0161000,1,,
0160701,浦河町野深,うらかわちょうのぶか,0160700,1,1,
0160702,浦河町潮見,うらかわちょうしおみ,0160700,1,1,
0160720,浦河町築地,うらかわちょうつきじ,0160700,1,,
0160820,様似町栄町,さまにちょうさかえまち,0160800,1,,
0160900,えりも町本町,えりもちょうほんちょう,0160900,1,1,
0160921,えりも町目黒,えりもちょうめぐろ,0160900,1,,
0160922,えりも町えりも岬,えりもちょうえりもみさき,0160900,1,,
0163320,上士幌町清水谷,かみしほろちょうしみずだに,0163300,1,,
0163331,上士幌町上士幌,かみしほろちょうかみしほろ,0163300,1,,
0163431,鹿追町東町,しかおいちょうひがしまち,0163400,1,,
0163520,新得町２条,しんとくちょうにじょう,0163500,1,,
0163521,新得町トムラウシ,しんとくちょうとむらうし,0163500,1,,
0164700,足寄町上螺湾,あしょろちょうかみらわん,0164700,1,1,
0164720,足寄町南１条,あしょろちょうみなみいちじょう,0164700,1,,
0164820,陸別町陸別,りくべつちょうりくべつ,0164800,1,,
0120700,帯広市東４条,おびひろしひがしよじょう,0120700,1,1,
0120720,帯広市東６条,おびひろしひがしろくじょう,0120700,1,,
0163131,音更町元町,おとふけちょうもとまち,0163100,1,,
0163220,士幌町士幌,しほろちょうしほろ,0163200,1,,
0163600,十勝清水町南４条,とかちしみずちょうみなみよじょう,0163600,1,1,
0163732,芽室町東２条,めむろちょうひがしにじょう,0163700,1,,
0164300,幕別町忠類明和,まくべつちょうちゅうるいめいわ,0164300,1,1,
0164333,幕別町忠類錦町,まくべつちょうちゅうるいにしきまち,0164300,1,,
0164334,幕別町本町,まくべつちょうもとまち,0164300,1,,
0164420,十勝池田町西１条,とかちいけだちょうにしいちじょう,0164400,1,,
0164531,豊頃町茂岩本町,とよころちょうもいわほんまち,0164500,1,,
0164600,本別町北２丁目,ほんべつちょうきたにちょうめ,0164600,1,1,
0164620,本別町向陽町,ほんべつちょうこうようちょう,0164600,1,,
0164920,浦幌町桜町,うらほろちょうさくらまち,0164900,1,,
0163820,中札内村東２条,なかさつないむらひがしにじょう,0163800,1,,
0163931,更別村更別,さらべつむらさらべつ,0163900,1,,
0164120,十勝大樹町東本通,とかちたいきちょうひがしほんどおり,0164100,1,,
0164121,十勝大樹町生花,とかちたいきちょうせいか,0164100,1,,
0164200,広尾町並木通,ひろおちょうなみきどおり,0164200,1,1,
0164201,広尾町白樺通,ひろおちょうしらかばどおり,0164200,1,1,
0166501,弟子屈町美里,てしかがちょうみさと,0166500,1,1,
0166520,弟子屈町弟子屈,てしかがちょうてしかが,0166500,1,,
0166521,弟子屈町サワンチサップ,てしかがちょうさわんちさっぷ,0166500,1,,
0120601,釧路市幸町,くしろしさいわいちょう,0120600,1,1,
0120602,釧路市音別町尺別,くしろしおんべつちょうしゃくべつ,0120600,1,1,
0120620,釧路市黒金町,くしろしくろがねちょう,0120600,1,,
0120621,釧路市阿寒町中央,くしろしあかんちょうちゅうおう,0120600,1,,
0120623,釧路市阿寒町阿寒湖温泉,くしろしあかんちょうあかんこおんせん,0120600,1,,
0120641,釧路市音別町中園,くしろしおんべつちょうなかぞの,0120600,1,,
0166131,釧路町別保,くしろちょうべっぽ,0166100,1,,
0166200,厚岸町尾幌,あっけしちょうおぼろ,0166200,1,1,
0166220,厚岸町真栄,あっけしちょうしんえい,0166200,1,,
0166300,浜中町湯沸,はまなかちょうとうふつ,0166300,1,,
0166321,浜中町茶内,はまなかちょうちゃない,0166300,1,,
0166420,標茶町川上,しべちゃちょうかわかみ,0166400,1,,
0166421,標茶町塘路,しべちゃちょうとうろ,0166400,1,,
0166720,鶴居村鶴居東,つるいむらつるいひがし,0166700,1,,
0166820,白糠町西１条,しらぬかちょうにしいちじょう,0166800,1,,
0169200,中標津町養老牛,なかしべつちょうようろううし,0169200,1,1,
0169220,中標津町丸山,なかしべつちょうまるやま,0169200,1,,
0169300,標津町古多糠,しべつちょうこたぬか,0169300,1,1,
0169320,標津町北２条,しべつちょうきたにじょう,0169300,1,,
0169321,標津町薫別,しべつちょうくんべつ,0169300,1,,
0169400,羅臼町春日,らうすちょうかすが,0169400,1,1,
0169420,羅臼町緑町,らうすちょうみどりちょう,0169400,1,,
0169421,羅臼町岬町,らうすちょうみさきちょう,0169400,1,,
0169100,別海町常盤,べつかいちょうときわ,0169100,1,1,
0169120,別海町西春別,べつかいちょうにししゅんべつ,0169100,1,,
0169122,別海町本別海,べつかいちょうほんべつかい,0169100,1,,
0122300,根室市弥栄,ねむろしやさかえ,0122300,1,1,
0122301,根室市豊里,ねむろしとよさと,0122300,1,1,
0122320,根室市牧の内,ねむろしまきのうち,0122300,1,,
0122321,根室市厚床,ねむろしあっとこ,0122300,1,,
0122322,根室市落石東,ねむろしおちいしひがし,0122300,1,,
0122323,根室市珸瑤瑁,ねむろしごようまい,0122300,1,,
0220100,青森市花園,あおもりしはなぞの,0220100,1,1,
0220120,青森市中央,あおもりしちゅうおう,0220100,1,,
0220130,青森市浪岡,あおもりしなみおか,0220100,1,,
0220500,五所川原市栄町,ごしょがわらしさかえまち,0220500,1,1,
0220501,五所川原市太田,ごしょがわらしおおた,0220500,1,1,
0220520,五所川原市敷島町,ごしょがわらししきしまちょう,0220500,1,,
0220533,五所川原市相内,ごしょがわらしあいうち,0220500,1,,
0220534,五所川原市金木町,ごしょがわらしかなぎちょう,0220500,1,,
0220932,つがる市柏,つがるしかしわ,0220900,1,,
0220936,つがる市森田町,つがるしもりたちょう,0220900,1,,
0220938,つがる市稲垣町,つがるしいながきちょう,0220900,1,,
0220939,つがる市車力町,つがるししゃりきちょう,0220900,1,,
0220940,つがる市木造,つがるしきづくり,0220900,1,,
0230100,平内町小湊,ひらないまちこみなと,0230100,1,1,
0230120,平内町東田沢,ひらないまちひがしたざわ,0230100,1,,
0230330,今別町今別,いまべつまちいまべつ,0230300,1,,
0230430,蓬田村蓬田,よもぎたむらよもぎた,0230400,1,,
0230733,外ヶ浜町平舘,そとがはままちたいらだて,0230700,1,,
0230734,外ヶ浜町三厩,そとがはままちみんまや,0230700,1,,
0230735,外ヶ浜町蟹田,そとがはままちかにた,0230700,1,,
0238132,板柳町板柳,いたやなぎまちいたやなぎ,0238100,1,,
0238430,鶴田町鶴田,つるたまちつるた,0238400,1,,
0238733,中泊町小泊,なかどまりまちこどまり,0238700,1,,
0238734,中泊町中里,なかどまりまちなかさと,0238700,1,,
0220200,弘前市和田町,ひろさきしわだちょう,0220200,1,1,
0220201,弘前市弥生,ひろさきしやよい,0220200,1,1,
0220220,弘前市城東中央,ひろさきしじょうとうちゅうおう,0220200,1,,
0220230,弘前市賀田,ひろさきしよした,0220200,1,,
0220232,弘前市五所,ひろさきしごしょ,0220200,1,,
0220430,黒石市市ノ町,くろいししいちのまち,0220400,1,,
0221030,平川市猿賀,ひらかわしさるか,0221000,1,,
0221033,平川市碇ヶ関,ひらかわしいかりがせき,0221000,1,,
0221034,平川市柏木町,ひらかわしかしわぎまち,0221000,1,,
0232101,鰺ヶ沢町舞戸町鳴戸,あじがさわまちまいとまちなると,0232100,1,1,
0232120,鰺ヶ沢町舞戸町小夜,あじがさわまちまいとまちさよ,0232100,1,,
0232301,深浦町長慶平,ふかうらまちちょうけいだいら,0232300,1,1,
0232302,深浦町深浦岡町,ふかうらまちふかうらおかまち,0232300,1,1,
0232320,深浦町深浦中沢,ふかうらまちふかうらなかざわ,0232300,1,,
0232332,深浦町岩崎,ふかうらまちいわさき,0232300,1,,
0234331,西目屋村田代,にしめやむらたしろ,0234300,1,,
0236130,藤崎町西豊田,ふじさきまちにしとよだ,0236100,1,,
0236132,藤崎町水木,ふじさきまちみずき,0236100,1,,
0236230,大鰐町大鰐,おおわにまちおおわに,0236200,1,,
0236731,田舎館村田舎館,いなかだてむらいなかだて,0236700,1,,
0220301,八戸市島守,はちのへししまもり,0220300,1,1,
0220302,八戸市湊町,はちのへしみなとまち,0220300,1,1,
0220320,八戸市内丸,はちのへしうちまる,0220300,1,,
0220331,八戸市南郷,はちのへしなんごう,0220300,1,,
0220621,十和田市西二番町,とわだしにしにばんちょう,0220600,1,,
0220630,十和田市西十二番町,とわだしにしじゅうにばんちょう,0220600,1,,
0220632,十和田市奥瀬,とわだしおくせ,0220600,1,,
0220731,三沢市桜町,みさわしさくらちょう,0220700,1,,
0240120,野辺地町田狭沢,のへじまちたばさみざわ,0240100,1,,
0240130,野辺地町野辺地,のへじまちのへじ,0240100,1,,
0240200,七戸町北天間舘,しちのへまちきたてんまだて,0240200,1,1,
0240231,七戸町森ノ上,しちのへまちもりのかみ,0240200,1,,
0240232,七戸町七戸,しちのへまちしちのへ,0240200,1,,
0240531,六戸町犬落瀬,ろくのへまちいぬおとせ,0240500,1,,
0240620,横浜町林ノ脇,よこはままちはやしのわき,0240600,1,,
0240630,横浜町寺下,よこはままちてらした,0240600,1,,
0240831,東北町上北南,とうほくまちかみきたみなみ,0240800,1,,
0240832,東北町塔ノ沢山,とうほくまちとうのさわやま,0240800,1,,
0241100,六ヶ所村尾駮,ろっかしょむらおぶち,0241100,1,1,
0241101,六ヶ所村出戸,ろっかしょむらでと,0241100,1,1,
0241231,おいらせ町中下田,おいらせちょうなかしもだ,0241200,1,,
0241232,おいらせ町上明堂,おいらせちょうかみあけどう,0241200,1,,
0244131,三戸町在府小路町,さんのへまちざいふこうじまち,0244100,1,,
0244200,五戸町古舘,ごのへまちふるだて,0244200,1,1,
0244231,五戸町倉石中市,ごのへまちくらいしなかいち,0244200,1,,
0244331,田子町田子,たっこまちたっこ,0244300,1,,
0244530,青森南部町沖田面,あおもりなんぶちょうおきたおもて,0244500,1,,
0244534,青森南部町苫米地,あおもりなんぶちょうとまべち,0244500,1,,
0244536,青森南部町平,あおもりなんぶちょうたいら,0244500,1,,
0244632,階上町道仏,はしかみちょうどうぶつ,0244600,1,,
0245031,新郷村戸来,しんごうむらへらい,0245000,1,,
0220800,むつ市金曲,むつしかなまがり,0220800,1,1,
0220801,むつ市大畑町奥薬研,むつしおおはたまちおくやげん,0220800,1,1,
0220820,むつ市金谷,むつしかなや,0220800,1,,
0220824,むつ市大畑町中島,むつしおおはたまちなかじま,0220800,1,,
0220830,むつ市川内町,むつしかわうちまち,0220800,1,,
0220832,むつ市脇野沢,むつしわきのさわ,0220800,1,,
0242331,大間町大間,おおままちおおま,0242300,1,,
0242400,東通村砂子又蒲谷地,ひがしどおりむらすなごまたがまやち,0242400,1,1,
0242420,東通村尻屋,ひがしどおりむらしりや,0242400,1,,
0242422,東通村白糠,ひがしどおりむらしらぬか,0242400,1,,
0242431,東通村砂子又沢内,ひがしどおりむらすなごまたさわうち,0242400,1,,
0242530,風間浦村易国間,かざまうらむらいこくま,0242500,1,,
0242620,佐井村長後,さいむらちょうご,0242600,1,,
0242631,佐井村佐井,さいむらさい,0242600,1,,
0320200,宮古市鍬ヶ崎,みやこしくわがさき,0320200,1,1,
0320201,宮古市長沢,みやこしながさわ,0320200,1,1,
0320220,宮古市五月町,みやこしさつきちょう,0320200,1,,
0320222,宮古市川井,みやこしかわい,0320200,1,,
0320223,宮古市区界,みやこしくざかい,0320200,1,,
0320224,宮古市田老,みやこしたろう,0320200,1,,
0320230,宮古市茂市,みやこしもいち,0320200,1,,
0320700,久慈市川崎町,くじしかわさきちょう,0320700,1,1,
0320701,久慈市枝成沢,くじしえだなりさわ,0320700,1,,
0320720,久慈市長内町,くじしおさないちょう,0320700,1,,
0320731,久慈市山形町,くじしやまがたちょう,0320700,1,,
0348201,山田町八幡町,やまだまちはちまんちょう,0348200,1,1,
0348221,山田町大沢,やまだまちおおさわ,0348200,1,,
0348320,岩泉町大川,いわいずみちょうおおかわ,0348300,1,,
0348330,岩泉町岩泉,いわいずみちょういわいずみ,0348300,1,,
0348400,田野畑村田野畑,たのはたむらたのはた,0348400,1,1,
0348430,田野畑村役場,たのはたむらやくば,0348400,1,,
0348532,普代村銅屋,ふだいむらどうや,0348500,1,,
0350330,野田村野田,のだむらのだ,0350300,1,,
0350700,岩手洋野町種市,いわてひろのちょうたねいち,0350700,1,1,
0350731,岩手洋野町大野,いわてひろのちょうおおの,0350700,1,,
0320300,大船渡市大船渡町,おおふなとしおおふなとちょう,0320300,1,1,
0320301,大船渡市猪川町,おおふなとしいかわちょう,0320300,1,1,
0320320,大船渡市盛町,おおふなとしさかりちょう,0320300,1,,
0321033,陸前高田市高田町,りくぜんたかたしたかたちょう,0321000,1,,
0321100,釜石市只越町,かまいししただこえちょう,0321100,1,1,
0321120,釜石市中妻町,かまいししなかつまちょう,0321100,1,,
0344131,住田町世田米,すみたちょうせたまい,0344100,1,,
0346133,大槌町上町,おおつちちょうかみちょう,0346100,1,,
0320100,盛岡市山王町,もりおかしさんのうちょう,0320100,1,1,
0320120,盛岡市馬場町,もりおかしばばちょう,0320100,1,,
0320121,盛岡市薮川,もりおかしやぶかわ,0320100,1,,
0320130,盛岡市渋民,もりおかししぶたみ,0320100,1,,
0321301,二戸市福岡,にのへしふくおか,0321300,1,1,
0321321,二戸市石切所,にのへしいしきりどころ,0321300,1,,
0321330,二戸市浄法寺町,にのへしじょうぼうじまち,0321300,1,,
0321400,八幡平市大更,はちまんたいしおおぶけ,0321400,1,1,
0321420,八幡平市田頭,はちまんたいしでんどう,0321400,1,,
0321431,八幡平市叺田,はちまんたいしかますだ,0321400,1,,
0321433,八幡平市野駄,はちまんたいしのだ,0321400,1,,
0321630,滝沢市鵜飼,たきざわしうかい,0321600,1,,
0330101,雫石町千刈田,しずくいしちょうせんがりた,0330100,1,1,
0330102,雫石町西根上駒木野,しずくいしちょうにしねかみこまきの,0330100,1,1,
0330200,葛巻町葛巻元木,くずまきまちくずまきもとき,0330200,1,1,
0330220,葛巻町消防分署,くずまきまちしょうぼうぶんしょ,0330200,1,,
0330231,葛巻町役場,くずまきまちやくば,0330200,1,,
0330330,岩手町五日市,いわてまちいつかいち,0330300,1,,
0332132,紫波町紫波中央駅前,しわちょうしわちゅうおうえきまえ,0332100,1,,
0332232,矢巾町南矢幅,やはばちょうみなみやはば,0332200,1,,
0350131,軽米町軽米,かるまいまちかるまい,0350100,1,,
0350631,九戸村伊保内,くのへむらいぼない,0350600,1,,
0352430,一戸町高善寺,いちのへまちこうぜんじ,0352400,1,,
0320500,花巻市大迫町,はなまきしおおはさままち,0320500,1,1,
0320520,花巻市石鳥谷町,はなまきしいしどりやちょう,0320500,1,,
0320531,花巻市大迫総合支所,はなまきしおおはさまそうごうししょ,0320500,1,,
0320535,花巻市材木町,はなまきしざいもくちょう,0320500,1,,
0320537,花巻市東和町,はなまきしとうわちょう,0320500,1,,
0320600,北上市柳原町,きたかみしやなぎはらちょう,0320600,1,1,
0320621,北上市相去町,きたかみしあいさりちょう,0320600,1,,
0320821,遠野市青笹町,とおのしあおざさちょう,0320800,1,,
0320831,遠野市宮守町,とおのしみやもりちょう,0320800,1,,
0320902,一関市大東町,いちのせきしだいとうちょう,0320900,1,1,
0320921,一関市竹山町,いちのせきしたけやまちょう,0320900,1,,
0320935,一関市花泉町,いちのせきしはないずみちょう,0320900,1,,
0320936,一関市千厩町,いちのせきしせんまやちょう,0320900,1,,
0320937,一関市東山町,いちのせきしひがしやまちょう,0320900,1,,
0320938,一関市室根町,いちのせきしむろねちょう,0320900,1,,
0320939,一関市藤沢町,いちのせきしふじさわちょう,0320900,1,,
0320940,一関市川崎町,いちのせきしかわさきちょう,0320900,1,,
0321500,奥州市水沢大鐘町,おうしゅうしみずさわおおがねちょう,0321500,1,1,
0321520,奥州市水沢佐倉河,おうしゅうしみずさわさくらかわ,0321500,1,,
0321530,奥州市江刺,おうしゅうしえさし,0321500,1,,
0321531,奥州市前沢,おうしゅうしまえさわ,0321500,1,,
0321535,奥州市胆沢,おうしゅうしいさわ,0321500,1,,
0321536,奥州市衣川,おうしゅうしころもがわ,0321500,1,,
0336620,西和賀町川尻,にしわがまちかわしり,0336600,1,,
0336621,西和賀町沢内川舟,にしわがまちさわうちかわふね,0336600,1,,
0336631,西和賀町沢内太田,にしわがまちさわうちおおた,0336600,1,,
0338131,金ケ崎町西根,かねがさきちょうにしね,0338100,1,,
0340231,平泉町平泉,ひらいずみちょうひらいずみ,0340200,1,,
0420500,気仙沼市赤岩,けせんぬましあかいわ,0420500,1,1,
0420501,気仙沼市本吉町西川内,けせんぬましもとよしちょうにしかわうち,0420500,1,1,
0420520,気仙沼市笹が陣,けせんぬましささがじん,0420500,1,,
0420530,気仙沼市唐桑町,けせんぬましからくわちょう,0420500,1,,
0420531,気仙沼市本吉町津谷,けせんぬましもとよしちょうつや,0420500,1,,
0421200,登米市中田町,とめしなかだちょう,0421200,1,1,
0421220,登米市東和町,とめしとうわちょう,0421200,1,,
0421222,登米市豊里町,とめしとよさとちょう,0421200,1,,
0421231,登米市登米町,とめしとよままち,0421200,1,,
0421234,登米市南方町,とめしみなみかたまち,0421200,1,,
0421236,登米市迫町,とめしはさまちょう,0421200,1,,
0421237,登米市石越町,とめしいしこしまち,0421200,1,,
0421238,登米市津山町,とめしつやまちょう,0421200,1,,
0421239,登米市米山町,とめしよねやまちょう,0421200,1,,
0421300,栗原市栗駒,くりはらしくりこま,0421300,1,1,
0421321,栗原市築館,くりはらしつきだて,0421300,1,,
0421334,栗原市鶯沢,くりはらしうぐいすざわ,0421300,1,,
0421337,栗原市花山,くりはらしはなやま,0421300,1,,
0421339,栗原市瀬峰,くりはらしせみね,0421300,1,,
0421340,栗原市志波姫,くりはらししわひめ,0421300,1,,
0421341,栗原市高清水,くりはらしたかしみず,0421300,1,,
0421342,栗原市金成,くりはらしかんなり,0421300,1,,
0421343,栗原市若柳,くりはらしわかやなぎ,0421300,1,,
0421344,栗原市一迫,くりはらしいちはさま,0421300,1,,
0421500,大崎市古川三日町,おおさきしふるかわみっかまち,0421500,1,1,
0421501,大崎市古川大崎,おおさきしふるかわおおさき,0421500,1,1,
0421523,大崎市鳴子,おおさきしなるこ,0421500,1,,
0421524,大崎市古川旭,おおさきしふるかわあさひ,0421500,1,,
0421530,大崎市松山,おおさきしまつやま,0421500,1,,
0421531,大崎市三本木,おおさきしさんぼんぎ,0421500,1,,
0421532,大崎市鹿島台,おおさきしかしまだい,0421500,1,,
0421533,大崎市岩出山,おおさきしいわでやま,0421500,1,,
0421535,大崎市田尻,おおさきしたじり,0421500,1,,
0444431,色麻町四竈,しかまちょうしかま,0444400,1,,
0444530,宮城加美町中新田,みやぎかみまちなかにいだ,0444500,1,,
0444531,宮城加美町小野田,みやぎかみまちおのだ,0444500,1,,
0444532,宮城加美町宮崎,みやぎかみまちみやざき,0444500,1,,
0450100,涌谷町新町裏,わくやちょうしんまちうら,0450100,1,1,
0450530,宮城美里町北浦,みやぎみさとまちきたうら,0450500,1,,
0450531,宮城美里町木間塚,みやぎみさとまちきまつか,0450500,1,,
0460602,南三陸町志津川,みなみさんりくちょうしづがわ,0460600,1,1,
0460621,南三陸町歌津,みなみさんりくちょううたつ,0460600,1,,
0420620,白石市亘理町,しろいししわたりまち,0420600,1,,
0420700,仙台空港,せんだいくうこう,0420700,1,1,
0420730,名取市増田,なとりしますだ,0420700,1,,
0420820,角田市角田,かくだしかくだ,0420800,1,,
0421120,岩沼市桜,いわぬましさくら,0421100,1,,
0430130,蔵王町円田,ざおうまちえんだ,0430100,1,,
0430230,七ヶ宿町関,しちかしゅくまちせき,0430200,1,,
0432131,大河原町新南,おおがわらまちしんみなみ,0432100,1,,
0432230,村田町村田,むらたまちむらた,0432200,1,,
0432300,柴田町船岡,しばたまちふなおか,0432300,1,1,
0432430,宮城川崎町前川,みやぎかわさきまちまえかわ,0432400,1,,
0434100,丸森町上滝,まるもりまちかみだき,0434100,1,1,
0434130,丸森町鳥屋,まるもりまちとりや,0434100,1,,
0436131,亘理町悠里,わたりちょうゆうり,0436100,1,,
0436231,山元町浅生原,やまもとちょうあそうはら,0436200,1,,
0410101,仙台青葉区大倉,せんだいあおばくおおくら,0410100,1,1,
0410121,仙台青葉区作並,せんだいあおばくさくなみ,0410100,1,,
0410142,仙台青葉区雨宮,せんだいあおばくあまみや,0410100,1,,
0410143,仙台青葉区落合,せんだいあおばくおちあい,0410100,1,,
0410201,仙台宮城野区五輪,せんだいみやぎのくごりん,0410200,1,1,
0410221,仙台宮城野区苦竹,せんだいみやぎのくにがたけ,0410200,1,,
0410341,仙台若林区遠見塚,せんだいわかばやしくとおみづか,0410300,1,,
0410441,仙台太白区山田,せんだいたいはくくやまだ,0410400,1,,
0410541,仙台泉区将監,せんだいいずみくしょうげん,0410500,1,,
0420202,石巻市泉町,いしのまきしいずみちょう,0420200,1,1,
0420203,石巻市大瓜,いしのまきしおうり,0420200,1,1,
0420225,石巻市鮎川浜,いしのまきしあゆかわはま,0420200,1,,
0420226,石巻市大街道南,いしのまきしおおかいどうみなみ,0420200,1,,
0420227,石巻市北上町,いしのまきしきたかみちょう,0420200,1,,
0420235,石巻市相野谷,いしのまきしあいのや,0420200,1,,
0420237,石巻市前谷地,いしのまきしまえやち,0420200,1,,
0420239,石巻市桃生町,いしのまきしものうちょう,0420200,1,,
0420241,石巻市雄勝町,いしのまきしおがつちょう,0420200,1,,
0420322,塩竈市今宮町,しおがましいまみやちょう,0420300,1,,
0420931,多賀城市中央,たがじょうしちゅうおう,0420900,1,,
0421433,東松島市小野,ひがしまつしましおの,0421400,1,,
0421434,東松島市矢本,ひがしまつしましやもと,0421400,1,,
0421630,富谷市富谷,とみやしとみや,0421600,1,,
0440101,松島町高城,まつしままちたかぎ,0440100,1,1,
0440431,七ヶ浜町東宮浜,しちがはままちとうぐうはま,0440400,1,,
0440632,利府町利府,りふちょうりふ,0440600,1,,
0442121,大和町吉岡,たいわちょうよしおか,0442100,1,,
0442231,大郷町粕川,おおさとちょうかすかわ,0442200,1,,
0442431,大衡村大衡,おおひらむらおおひら,0442400,1,,
0458134,女川町女川,おながわちょうおながわ,0458100,1,,
0520200,能代市緑町,のしろしみどりまち,0520200,1,1,
0520201,能代市常盤山谷,のしろしときわやまや,0520200,1,,
0520220,能代市追分町,のしろしおいわけまち,0520200,1,,
0520232,能代市上町,のしろしかみまち,0520200,1,,
0520233,能代市二ツ井町上台,のしろしふたついまちうわだい,0520200,1,,
0520601,男鹿市男鹿中,おがしおがなか,0520600,1,1,
0520632,男鹿市船川,おがしふながわ,0520600,1,,
0520633,男鹿市角間崎,おがしかくまざき,0520600,1,,
0521130,潟上市昭和大久保,かたがみししょうわおおくぼ,0521100,1,,
0521131,潟上市飯田川下虻川,かたがみしいいたがわしもあぶかわ,0521100,1,,
0521133,潟上市天王,かたがみしてんのう,0521100,1,,
0534631,藤里町藤琴,ふじさとまちふじこと,0534600,1,,
0534820,三種町ことおか中央公園,みたねちょうことおかちゅうおうこうえん,0534800,1,,
0534832,三種町鵜川,みたねちょううかわ,0534800,1,,
0534834,三種町鹿渡,みたねちょうかど,0534800,1,,
0534835,三種町森岳,みたねちょうもりたけ,0534800,1,,
0534920,八峰町八森木戸の沢,はっぽうちょうはちもりきどのさわ,0534900,1,,
0534932,八峰町峰浜目名潟,はっぽうちょうみねはまめながた,0534900,1,,
0536100,五城目町西磯ノ目,ごじょうめまちにしいそのめ,0536100,1,1,
0536332,八郎潟町大道,はちろうがたまちおおみち,0536300,1,,
0536631,井川町北川尻,いかわまちきたかわしり,0536600,1,,
0536831,大潟村中央,おおがたむらちゅうおう,0536800,1,,
0520100,秋田市山王,あきたしさんのう,0520100,1,1,
0520101,秋田市雄和女米木,あきたしゆうわめめき,0520100,1,1,
0520120,秋田市八橋運動公園,あきたしやばせうんどうこうえん,0520100,1,,
0520131,秋田市河辺和田,あきたしかわべわだ,0520100,1,,
0520134,秋田市雄和新波,あきたしゆうわあらわ,0520100,1,,
0521000,由利本荘市石脇,ゆりほんじょうしいしわき,0521000,1,1,
0521020,由利本荘市桜小路,ゆりほんじょうしさくらこうじ,0521000,1,,
0521021,由利本荘市鳥海町伏見,ゆりほんじょうしちょうかいまちふしみ,0521000,1,,
0521032,由利本荘市岩城内道川,ゆりほんじょうしいわきうちみちかわ,0521000,1,,
0521034,由利本荘市西目町沼田,ゆりほんじょうしにしめまちぬまた,0521000,1,,
0521035,由利本荘市東由利老方,ゆりほんじょうしひがしゆりおいかた,0521000,1,,
0521038,由利本荘市矢島町矢島町,ゆりほんじょうしやしままちやしままち,0521000,1,,
0521039,由利本荘市岩谷町,ゆりほんじょうしいわやまち,0521000,1,,
0521040,由利本荘市前郷,ゆりほんじょうしまえごう,0521000,1,,
0521430,にかほ市平沢,にかほしひらさわ,0521400,1,,
0521431,にかほ市金浦,にかほしこのうら,0521400,1,,
0521432,にかほ市象潟町浜ノ田,にかほしきさかたまちはまのた,0521400,1,,
0520400,大館市比内町味噌内,おおだてしひないまちみそない,0520400,1,1,
0520420,大館市桜町,おおだてしさくらちょう,0520400,1,,
0520431,大館市比内町扇田,おおだてしひないまちおうぎた,0520400,1,,
0520433,大館市早口,おおだてしはやぐち,0520400,1,,
0520931,鹿角市花輪,かづのしはなわ,0520900,1,,
0521300,北秋田市花園町,きたあきたしはなぞのちょう,0521300,1,1,
0521320,北秋田市阿仁水無,きたあきたしあにみずなし,0521300,1,,
0521333,北秋田市米内沢,きたあきたしよないざわ,0521300,1,,
0521334,北秋田市新田目,きたあきたしにいだめ,0521300,1,,
0530320,小坂町小坂砂森,こさかまちこさかすなもり,0530300,1,,
0532730,上小阿仁村小沢田,かみこあにむらこさわだ,0532700,1,,
0520301,横手市雄物川町今宿,よこてしおものがわまちいましゅく,0520300,1,1,
0520320,横手市安田柳堤地内,よこてしやすだやなぎつつみちない,0520300,1,,
0520330,横手市中央町,よこてしちゅうおうまち,0520300,1,,
0520331,横手市増田町増田,よこてしますだまちますだ,0520300,1,,
0520333,横手市大森町,よこてしおおもりまち,0520300,1,,
0520337,横手市大雄,よこてしたいゆう,0520300,1,,
0520338,横手市山内土渕,よこてしさんないつちぶち,0520300,1,,
0520339,横手市平鹿町浅舞,よこてしひらかまちあさまい,0520300,1,,
0520340,横手市十文字町,よこてしじゅうもんじまち,0520300,1,,
0520700,湯沢市沖鶴,ゆざわしおきつる,0520700,1,1,
0520720,湯沢市寺沢,ゆざわしてらさわ,0520700,1,,
0520731,湯沢市川連町,ゆざわしかわつらちょう,0520700,1,,
0520734,湯沢市佐竹町,ゆざわしさたけちょう,0520700,1,,
0520735,湯沢市横堀,ゆざわしよこぼり,0520700,1,,
0520736,湯沢市皆瀬,ゆざわしみなせ,0520700,1,,
0521220,大仙市協和境唐松岳,だいせんしきょうわさかいからまつだけ,0521200,1,,
0521232,大仙市刈和野,だいせんしかりわの,0521200,1,,
0521233,大仙市北長野,だいせんしきたながの,0521200,1,,
0521235,大仙市南外,だいせんしなんがい,0521200,1,,
0521237,大仙市太田町太田,だいせんしおおたちょうおおた,0521200,1,,
0521238,大仙市大曲花園町,だいせんしおおまがりはなぞのちょう,0521200,1,,
0521239,大仙市高梨,だいせんしたかなし,0521200,1,,
0521240,大仙市神宮寺,だいせんしじんぐうじ,0521200,1,,
0521501,仙北市角館町中菅沢,せんぼくしかくのだてまちなかすがざわ,0521500,1,1,
0521520,仙北市西木町上桧木内,せんぼくしにしきちょうかみひのきない,0521500,1,,
0521521,仙北市田沢湖生保内上清水,せんぼくしたざわこおぼないかみしみず,0521500,1,,
0521522,仙北市角館町小勝田,せんぼくしかくのだてまちおがた,0521500,1,,
0521523,仙北市田沢湖田沢,せんぼくしたざわこたざわ,0521500,1,,
0521530,仙北市田沢湖生保内宮ノ後,せんぼくしたざわこおぼないみやのうしろ,0521500,1,,
0521531,仙北市西木町上荒井,せんぼくしにしきちょうかみあらい,0521500,1,,
0543400,秋田美郷町六郷東根,あきたみさとちょうろくごうひがしね,0543400,1,1,
0543430,秋田美郷町土崎,あきたみさとちょうつちざき,0543400,1,,
0546331,羽後町西馬音内,うごまちにしもない,0546300,1,,
0546420,東成瀬村椿川,ひがしなるせむらつばきかわ,0546400,1,,
0546430,東成瀬村田子内,ひがしなるせむらたごない,0546400,1,,
0620300,鶴岡市馬場町,つるおかしばばちょう,0620300,1,1,
0620301,鶴岡市温海川,つるおかしあつみがわ,0620300,1,1,
0620320,鶴岡市温海,つるおかしあつみ,0620300,1,,
0620321,鶴岡市道田町,つるおかしみちたまち,0620300,1,,
0620330,鶴岡市藤島,つるおかしふじしま,0620300,1,,
0620332,鶴岡市上山添,つるおかしかみやまぞえ,0620300,1,,
0620333,鶴岡市下名川,つるおかししもながわ,0620300,1,,
0620334,鶴岡市羽黒町,つるおかしはぐろまち,0620300,1,,
0620401,酒田市飛島,さかたしとびしま,0620400,1,1,
0620402,酒田市亀ケ崎,さかたしかめがさき,0620400,1,1,
0620420,酒田市宮野浦,さかたしみやのうら,0620400,1,,
0620433,酒田市飛鳥,さかたしあすか,0620400,1,,
0620434,酒田市山田,さかたしやまだ,0620400,1,,
0620435,酒田市観音寺,さかたしかんのんじ,0620400,1,,
0620436,酒田市本町,さかたしほんちょう,0620400,1,,
0642631,三川町横山,みかわまちよこやま,0642600,1,,
0642820,庄内町清川,しょうないまちきよかわ,0642800,1,,
0642830,庄内町狩川,しょうないまちかりかわ,0642800,1,,
0642832,庄内町余目,しょうないまちあまるめ,0642800,1,,
0646100,遊佐町遊佐,ゆざまちゆざ,0646100,1,1,
0646101,遊佐町小原田,ゆざまちおはらだ,0646100,1,1,
0646131,遊佐町舞鶴,ゆざまちまいづる,0646100,1,,
0620500,新庄市東谷地田町,しんじょうしひがしやちたまち,0620500,1,1,
0620520,新庄市堀端町,しんじょうしほりばたまち,0620500,1,,
0620531,新庄市住吉町,しんじょうしすみよしまち,0620500,1,,
0636100,山形金山町中田,やまがたかねやままちなかだ,0636100,1,1,
0636131,山形金山町金山,やまがたかねやままちかねやま,0636100,1,,
0636231,最上町向町,もがみまちむかいまち,0636200,1,,
0636331,舟形町舟形,ふながたまちふながた,0636300,1,,
0636432,真室川町新町,まむろがわまちあらまち,0636400,1,,
0636520,大蔵村肘折,おおくらむらひじおり,0636500,1,,
0636531,大蔵村清水,おおくらむらしみず,0636500,1,,
0636630,鮭川村佐渡,さけがわむらさど,0636600,1,,
0636730,戸沢村古口,とざわむらふるくち,0636700,1,,
0620100,山形市緑町,やまがたしみどりちょう,0620100,1,1,
0620120,山形市薬師町,やまがたしやくしまち,0620100,1,,
0620130,山形市旅篭町,やまがたしはたごまち,0620100,1,,
0620620,寒河江市西根,さがえしにしね,0620600,1,,
0620630,寒河江市中央,さがえしちゅうおう,0620600,1,,
0620730,上山市河崎,かみのやましかわさき,0620700,1,,
0620830,村山市中央,むらやましちゅうおう,0620800,1,,
0621030,天童市老野森,てんどうしおいのもり,0621000,1,,
0621120,東根市中央,ひがしねしちゅうおう,0621100,1,,
0621220,尾花沢市若葉町,おばなざわしわかばちょう,0621200,1,,
0630132,山辺町緑ケ丘,やまのべまちみどりがおか,0630100,1,,
0630231,中山町長崎,なかやままちながさき,0630200,1,,
0632110,河北町吉田,かほくちょうよしだ,0632100,1,1,
0632132,河北町役場,かほくちょうやくば,0632100,1,,
0632220,西川町大井沢,にしかわまちおおいさわ,0632200,1,,
0632230,西川町海味,にしかわまちかいしゅう,0632200,1,,
0632330,山形朝日町宮宿,やまがたあさひまちみやじゅく,0632300,1,,
0632430,大江町左沢,おおえまちあてらざわ,0632400,1,,
0634131,大石田町緑町,おおいしだまちみどりちょう,0634100,1,,
0620200,米沢市駅前,よねざわしえきまえ,0620200,1,1,
0620201,米沢市アルカディア,よねざわしあるかでぃあ,0620200,1,1,
0620220,米沢市林泉寺,よねざわしりんせんじ,0620200,1,,
0620231,米沢市金池,よねざわしかないけ,0620200,1,,
0620932,長井市本町,ながいしもとまち,0620900,1,,
0621330,南陽市三間通,なんようしみつまどおり,0621300,1,,
0638130,高畠町高畠,たかはたまちたかはた,0638100,1,,
0638231,山形川西町上小松,やまがたかわにしまちかみこまつ,0638200,1,,
0640100,山形小国町岩井沢,やまがたおぐにまちいわいざわ,0640100,1,1,
0640130,山形小国町小国小坂町,やまがたおぐにまちおぐにこさかまち,0640100,1,,
0640200,白鷹町黒鴨,しらたかまちくろがも,0640200,1,1,
0640232,白鷹町荒砥,しらたかまちあらと,0640200,1,,
0640320,飯豊町上原,いいでまちうわばら,0640300,1,,
0640330,飯豊町椿,いいでまちつばき,0640300,1,,
0720101,福島市花園町,ふくしましはなぞのちょう,0720100,1,1,
0720120,福島市桜木町,ふくしましさくらぎちょう,0720100,1,,
0720131,福島市飯野町,ふくしましいいのまち,0720100,1,,
0720132,福島市五老内町,ふくしましごろううちまち,0720100,1,,
0720300,郡山市朝日,こおりやましあさひ,0720300,1,1,
0720320,郡山市開成,こおりやましかいせい,0720300,1,,
0720321,郡山市湖南町,こおりやましこなんまち,0720300,1,,
0720500,白河市郭内,しらかわしかくない,0720500,1,1,
0720520,白河市新白河,しらかわししんしらかわ,0720500,1,,
0720532,白河市東,しらかわしひがし,0720500,1,,
0720534,白河市表郷,しらかわしおもてごう,0720500,1,,
0720535,白河市大信,しらかわしたいしん,0720500,1,,
0720536,白河市八幡小路,しらかわしはちまんこうじ,0720500,1,,
0720720,須賀川市八幡山,すかがわしはちまんやま,0720700,1,,
0720731,須賀川市長沼支所,すかがわしながぬまししょ,0720700,1,,
0720735,須賀川市岩瀬支所,すかがわしいわせししょ,0720700,1,,
0720737,須賀川市八幡町,すかがわしはちまんまち,0720700,1,,
0721030,二本松市金色,にほんまつしかないろ,0721000,1,,
0721031,二本松市油井,にほんまつしゆい,0721000,1,,
0721032,二本松市小浜,にほんまつしおばま,0721000,1,,
0721034,二本松市針道,にほんまつしはりみち,0721000,1,,
0721101,田村市船引町,たむらしふねひきまち,0721100,1,1,
0721131,田村市大越町,たむらしおおごえまち,0721100,1,,
0721133,田村市常葉町,たむらしときわまち,0721100,1,,
0721134,田村市都路町,たむらしみやこじまち,0721100,1,,
0721135,田村市滝根町,たむらしたきねまち,0721100,1,,
0721330,福島伊達市前川原,ふくしまだてしまえかわら,0721300,1,,
0721331,福島伊達市梁川町,ふくしまだてしやながわまち,0721300,1,,
0721332,福島伊達市保原町,ふくしまだてしほばらまち,0721300,1,,
0721333,福島伊達市霊山町,ふくしまだてしりょうぜんまち,0721300,1,,
0721335,福島伊達市月舘町,ふくしまだてしつきだてまち,0721300,1,,
0721430,本宮市本宮,もとみやしもとみや,0721400,1,,
0721432,本宮市白岩,もとみやししらいわ,0721400,1,,
0730131,桑折町谷地,こおりまちやち,0730100,1,,
0730334,国見町藤田,くにみまちふじた,0730300,1,,
0730832,川俣町五百田,かわまたまちごひゃくだ,0730800,1,,
0732201,大玉村南小屋,おおたまむらみなみごや,0732200,1,1,
0732232,大玉村玉井,おおたまむらたまのい,0732200,1,,
0734230,鏡石町不時沼,かがみいしまちふじぬま,0734200,1,,
0734431,天栄村下松本,てんえいむらしもまつもと,0734400,1,,
0734432,天栄村湯本支所,てんえいむらゆもとししょ,0734400,1,,
0746130,西郷村熊倉,にしごうむらくまくら,0746100,1,,
0746431,泉崎村泉崎,いずみざきむらいずみざき,0746400,1,,
0746531,中島村滑津,なかじまむらなめつ,0746500,1,,
0746630,矢吹町一本木,やぶきまちいっぽんぎ,0746600,1,,
0748101,棚倉町棚倉中居野,たなぐらまちたなぐらなかいの,0748100,1,1,
0748120,棚倉町棚倉舘ヶ丘,たなぐらまちたなぐらたてがおか,0748100,1,,
0748221,矢祭町戸塚,やまつりまちとつか,0748200,1,,
0748230,矢祭町東舘,やまつりまちひがしたて,0748200,1,,
0748331,塙町塙,はなわまちはなわ,0748300,1,,
0748430,鮫川村赤坂中野,さめがわむらあかさかなかの,0748400,1,,
0750131,石川町長久保,いしかわまちながくぼ,0750100,1,,
0750230,玉川村小高,たまかわむらおたか,0750200,1,,
0750331,平田村永田,ひらたむらながた,0750300,1,,
0750430,浅川町浅川,あさかわまちあさかわ,0750400,1,,
0750500,古殿町松川横川,ふるどのまちまつかわよこかわ,0750500,1,1,
0750530,古殿町松川新桑原,ふるどのまちまつかわしんくわばら,0750500,1,,
0752131,三春町大町,みはるまちおおまち,0752100,1,,
0752220,小野町中通,おのまちなかどおり,0752200,1,,
0752230,小野町小野新町,おのまちおのにいまち,0752200,1,,
0720400,いわき市小名浜,いわきしおなはま,0720400,1,1,
0720401,いわき市三和町,いわきしみわまち,0720400,1,1,
0720420,いわき市平四ツ波,いわきしたいらよつなみ,0720400,1,,
0720421,いわき市錦町,いわきしにしきまち,0720400,1,,
0720433,いわき市平梅本,いわきしたいらうめもと,0720400,1,,
0720932,相馬市中村,そうましなかむら,0720900,1,,
0721200,南相馬市原町区三島町,みなみそうましはらまちくみしまちょう,0721200,1,1,
0721201,南相馬市鹿島区栃窪,みなみそうましかしまくとちくぼ,0721200,1,1,
0721220,南相馬市原町区高見町,みなみそうましはらまちくたかみちょう,0721200,1,,
0721230,南相馬市原町区本町,みなみそうましはらまちくもとまち,0721200,1,,
0721233,南相馬市鹿島区西町,みなみそうましかしまくにしまち,0721200,1,,
0721235,南相馬市小高区,みなみそうましおだかく,0721200,1,,
0754120,福島広野町下北迫大谷地原,ふくしまひろのまちしもきたばおおやちはら,0754100,1,,
0754130,福島広野町下北迫苗代替,ふくしまひろのまちしもきたばなわしろがえ,0754100,1,,
0754230,楢葉町北田,ならはまちきただ,0754200,1,,
0754330,富岡町本岡,とみおかまちもとおか,0754300,1,,
0754400,川内村下川内,かわうちむらしもかわうち,0754400,1,1,
0754420,川内村上川内小山平,かわうちむらかみかわうちこやまだいら,0754400,1,,
0754430,川内村上川内早渡,かわうちむらかみかわうちはやわた,0754400,1,,
0754520,大熊町野上,おおくままちのがみ,0754500,1,,
0754531,大熊町大川原,おおくままちおおがわら,0754500,1,,
0754633,双葉町長塚,ふたばまちながつか,0754600,1,,
0754700,浪江町幾世橋,なみえまちきよはし,0754700,1,1,
0754830,葛尾村落合落合,かつらおむらおちあいおちあい,0754800,1,,
0756132,新地町谷地小屋,しんちまちやちごや,0756100,1,,
0756431,飯舘村伊丹沢,いいたてむらいたみざわ,0756400,1,,
0720201,会津若松市材木町,あいづわかまつしざいもくまち,0720200,1,1,
0720231,会津若松市北会津町,あいづわかまつしきたあいづまち,0720200,1,,
0720232,会津若松市河東町,あいづわかまつしかわひがしまち,0720200,1,,
0720233,会津若松市追手町,あいづわかまつしおうてまち,0720200,1,,
0720820,喜多方市松山町,きたかたしまつやままち,0720800,1,,
0720831,喜多方市熱塩加納町,きたかたしあつしおかのうまち,0720800,1,,
0720834,喜多方市高郷町,きたかたしたかさとまち,0720800,1,,
0720835,喜多方市御清水,きたかたしおしみず,0720800,1,,
0720836,喜多方市塩川町,きたかたししおかわまち,0720800,1,,
0720837,喜多方市山都町,きたかたしやまとまち,0720800,1,,
0736220,下郷町高陦,しもごうまちたかしま,0736200,1,,
0736230,下郷町塩生,しもごうまちしおのう,0736200,1,,
0736420,檜枝岐村上河原,ひのえまたむらかみがわら,0736400,1,,
0736432,檜枝岐村下ノ原,ひのえまたむらしものはら,0736400,1,,
0736720,只見町黒谷,ただみまちくろたに,0736700,1,,
0736730,只見町只見,ただみまちただみ,0736700,1,,
0736801,南会津町田島,みなみあいづまちたじま,0736800,1,1,
0736820,南会津町界,みなみあいづまちさかい,0736800,1,,
0736821,南会津町滝原,みなみあいづまちたきはら,0736800,1,,
0736831,南会津町古町,みなみあいづまちふるまち,0736800,1,,
0736832,南会津町山口,みなみあいづまちやまぐち,0736800,1,,
0736833,南会津町松戸原,みなみあいづまちまっとのはら,0736800,1,,
0740231,北塩原村北山,きたしおばらむらきたやま,0740200,1,,
0740501,西会津町野沢,にしあいづまちのざわ,0740500,1,1,
0740520,西会津町登世島,にしあいづまちとせじま,0740500,1,,
0740731,磐梯町磐梯,ばんだいまちばんだい,0740700,1,,
0740800,猪苗代町城南,いなわしろまちしろみなみ,0740800,1,1,
0740821,猪苗代町下園,いなわしろまちしもぞの,0740800,1,,
0742130,会津坂下町市中三番甲,あいづばんげまちいちなかさんばんこう,0742100,1,,
0742232,湯川村清水田,ゆがわむらしみずだ,0742200,1,,
0742300,柳津町大成沢,やないづまちおおなりさわ,0742300,1,1,
0742331,柳津町柳津,やないづまちやないづ,0742300,1,,
0744430,三島町宮下,みしままちみやした,0744400,1,,
0744530,福島金山町川口,ふくしまかねやままちかわぐち,0744500,1,,
0744631,福島昭和村下中津川,ふくしましょうわむらしもなかつがわ,0744600,1,,
0744733,会津美里町本郷庁舎,あいづみさとまちほんごうちょうしゃ,0744700,1,,
0744734,会津美里町新鶴庁舎,あいづみさとまちにいつるちょうしゃ,0744700,1,,
0744735,会津美里町高田庁舎,あいづみさとまちたかだちょうしゃ,0744700,1,,
0820101,水戸市金町,みとしかねまち,0820100,1,1,
0820121,水戸市千波町,みとしせんばちょう,0820100,1,,
0820132,水戸市内原町,みとしうちはらちょう,0820100,1,,
0820133,水戸市栗崎町,みとしくりさきちょう,0820100,1,,
0820220,日立市助川小学校,ひたちしすけがわしょうがっこう,0820200,1,,
0820232,日立市役所,ひたちしやくしょ,0820200,1,,
0820233,日立市十王町友部,ひたちしじゅうおうちょうともべ,0820200,1,,
0821200,常陸太田市町屋町,ひたちおおたしまちやちょう,0821200,1,1,
0821232,常陸太田市町田町,ひたちおおたしまちだちょう,0821200,1,,
0821235,常陸太田市高柿町,ひたちおおたしたかがきちょう,0821200,1,,
0821236,常陸太田市金井町,ひたちおおたしかないちょう,0821200,1,,
0821237,常陸太田市大中町,ひたちおおたしおおなかちょう,0821200,1,,
0821420,高萩市安良川,たかはぎしあらかわ,0821400,1,,
0821432,高萩市本町,たかはぎしほんちょう,0821400,1,,
0821530,北茨城市磯原町,きたいばらきしいそはらちょう,0821500,1,,
0821540,北茨城市中郷町,きたいばらきしなかごうちょう,0821500,1,,
0821620,笠間市石井,かさましいしい,0821600,1,,
0821631,笠間市中央,かさましちゅうおう,0821600,1,,
0821632,笠間市下郷,かさまししもごう,0821600,1,,
0821634,笠間市笠間,かさましかさま,0821600,1,,
0822100,ひたちなか市山ノ上町,ひたちなかしやまのうえちょう,0822100,1,1,
0822120,ひたちなか市南神敷台,ひたちなかしみなみかみしきだい,0822100,1,,
0822131,ひたちなか市東石川,ひたちなかしひがしいしかわ,0822100,1,,
0822500,常陸大宮市中富町,ひたちおおみやしなかとみちょう,0822500,1,1,
0822521,常陸大宮市北町,ひたちおおみやしきたちょう,0822500,1,,
0822535,常陸大宮市高部,ひたちおおみやしたかぶ,0822500,1,,
0822536,常陸大宮市上小瀬,ひたちおおみやしかみおせ,0822500,1,,
0822537,常陸大宮市山方,ひたちおおみやしやまがた,0822500,1,,
0822538,常陸大宮市野口,ひたちおおみやしのぐち,0822500,1,,
0822630,那珂市福田,なかしふくだ,0822600,1,,
0822631,那珂市瓜連,なかしうりづら,0822600,1,,
0823633,小美玉市小川,おみたましおがわ,0823600,1,,
0823634,小美玉市堅倉,おみたましかたくら,0823600,1,,
0823635,小美玉市上玉里,おみたましかみたまり,0823600,1,,
0830231,茨城町小堤,いばらきまちおづつみ,0830200,1,,
0830931,大洗町磯浜町,おおあらいまちいそはまちょう,0830900,1,,
0831034,城里町石塚,しろさとまちいしつか,0831000,1,,
0831035,城里町阿波山,しろさとまちあわやま,0831000,1,,
0831037,城里町徳蔵,しろさとまちとくら,0831000,1,,
0834132,東海村東海,とうかいむらとうかい,0834100,1,,
0836430,大子町池田,だいごまちいけだ,0836400,1,,
0820301,土浦市常名,つちうらしひたな,0820300,1,1,
0820332,土浦市田中,つちうらしたなか,0820300,1,,
0820333,土浦市藤沢,つちうらしふじさわ,0820300,1,,
0820432,茨城古河市仁連,いばらきこがしにれい,0820400,1,,
0820433,茨城古河市長谷町,いばらきこがしはせまち,0820400,1,,
0820434,茨城古河市下大野,いばらきこがししもおおの,0820400,1,,
0820500,石岡市柿岡,いしおかしかきおか,0820500,1,1,
0820520,石岡市若宮,いしおかしわかみや,0820500,1,,
0820532,石岡市八郷,いしおかしやさと,0820500,1,,
0820533,石岡市石岡,いしおかしいしおか,0820500,1,,
0820731,結城市中央町,ゆうきしちゅうおうちょう,0820700,1,,
0820831,龍ケ崎市役所,りゅうがさきしやくしょ,0820800,1,,
0821032,下妻市鬼怒,しもつましきぬ,0821000,1,,
0821033,下妻市本城町,しもつましもとしろちょう,0821000,1,,
0821133,常総市新石下,じょうそうししんいしげ,0821100,1,,
0821134,常総市水海道諏訪町,じょうそうしみつかいどうすわまち,0821100,1,,
0821720,取手市寺田,とりでしてらだ,0821700,1,,
0821730,取手市井野,とりでしいの,0821700,1,,
0821731,取手市藤代,とりでしふじしろ,0821700,1,,
0821931,牛久市中央,うしくしちゅうおう,0821900,1,,
0822020,つくば市天王台,つくばしてんのうだい,0822000,1,,
0822032,つくば市研究学園,つくばしけんきゅうがくえん,0822000,1,,
0822033,つくば市小茎,つくばしおぐき,0822000,1,,
0822201,茨城鹿嶋市鉢形,いばらきかしましはちがた,0822200,1,1,
0822220,茨城鹿嶋市宮中,いばらきかしましきゅうちゅう,0822200,1,,
0822300,潮来市堀之内,いたこしほりのうち,0822300,1,1,
0822331,潮来市辻,いたこしつじ,0822300,1,,
0822431,守谷市大柏,もりやしおおがしわ,0822400,1,,
0822700,筑西市舟生,ちくせいしふにゅう,0822700,1,1,
0822733,筑西市門井,ちくせいしかどい,0822700,1,,
0822734,筑西市海老ヶ島,ちくせいしえびがしま,0822700,1,,
0822735,筑西市二木成,ちくせいしにぎなり,0822700,1,,
0822800,坂東市岩井,ばんどうしいわい,0822800,1,1,
0822820,坂東市馬立,ばんどうしまたて,0822800,1,,
0822833,坂東市山,ばんどうしやま,0822800,1,,
0822834,坂東市役所,ばんどうしやくしょ,0822800,1,,
0822920,稲敷市江戸崎甲,いなしきしえどさきこう,0822900,1,,
0822934,稲敷市役所,いなしきしやくしょ,0822900,1,,
0822935,稲敷市伊佐津,いなしきしいさつ,0822900,1,,
0822936,稲敷市結佐,いなしきしけっさ,0822900,1,,
0822937,稲敷市須賀津,いなしきしすかつ,0822900,1,,
0823032,かすみがうら市大和田,かすみがうらしおおわだ,0823000,1,,
0823033,かすみがうら市上土田,かすみがうらしかみつちだ,0823000,1,,
0823133,桜川市岩瀬,さくらがわしいわせ,0823100,1,,
0823134,桜川市真壁,さくらがわしまかべ,0823100,1,,
0823135,桜川市羽田,さくらがわしはねだ,0823100,1,,
0823230,神栖市溝口,かみすしみぞぐち,0823200,1,,
0823232,神栖市波崎,かみすしはさき,0823200,1,,
0823332,行方市玉造,なめがたしたまつくり,0823300,1,,
0823333,行方市麻生,なめがたしあそう,0823300,1,,
0823334,行方市山田,なめがたしやまだ,0823300,1,,
0823400,鉾田市鉾田,ほこたしほこた,0823400,1,1,
0823432,鉾田市汲上,ほこたしくみあげ,0823400,1,,
0823433,鉾田市造谷,ほこたしつくりや,0823400,1,,
0823531,つくばみらい市加藤,つくばみらいしかとう,0823500,1,,
0823533,つくばみらい市福田,つくばみらいしふくだ,0823500,1,,
0844230,美浦村受領,みほむらうけりょう,0844200,1,,
0844331,阿見町中央,あみまちちゅうおう,0844300,1,,
0844730,河内町源清田,かわちまちげんせいだ,0844700,1,,
0852131,八千代町菅谷,やちよまちすがや,0852100,1,,
0854230,五霞町小福田,ごかまちこふくだ,0854200,1,,
0854631,境町旭町,さかいまちあさひちょう,0854600,1,,
0856400,利根町布川,とねまちふかわ,0856400,1,1,
0920601,日光市瀬川,にっこうしせがわ,0920600,1,1,
0920602,日光市中宮祠,にっこうしちゅうぐうし,0920600,1,1,
0920620,日光市鬼怒川温泉大原,にっこうしきぬがわおんせんおおはら,0920600,1,,
0920621,日光市湯元,にっこうしゆもと,0920600,1,,
0920623,日光市足尾町中才,にっこうしあしおまちなかさい,0920600,1,,
0920624,日光市芹沼,にっこうしせりぬま,0920600,1,,
0920635,日光市足尾町通洞,にっこうしあしおまちつうどう,0920600,1,,
0920636,日光市藤原庁舎,にっこうしふじはらちょうしゃ,0920600,1,,
0920637,日光市御幸町,につこうしごこうまち,0920600,1,,
0920638,日光市黒部,にっこうしくろべ,0920600,1,,
0920639,日光市今市本町,にっこうしいまいちほんちょう,0920600,1,,
0921000,大田原市黒羽田町,おおたわらしくろばねたまち,0921000,1,1,
0921033,大田原市本町,おおたわらしほんちょう,0921000,1,,
0921034,大田原市湯津上,おおたわらしゆづかみ,0921000,1,,
0921130,矢板市本町,やいたしほんちょう,0921100,1,,
0921300,那須塩原市蟇沼,なすしおばらしひきぬま,0921300,1,1,
0921320,那須塩原市鍋掛,なすしおばらしなべかけ,0921300,1,,
0921321,那須塩原市中塩原,なすしおばらしなかしおばら,0921300,1,,
0921330,那須塩原市共墾社,なすしおばらしきょうこんしゃ,0921300,1,,
0921331,那須塩原市あたご町,なすしおばらしあたごちょう,0921300,1,,
0921333,那須塩原市塩原庁舎,なすしおばらししおばらちょうしゃ,0921300,1,,
0938431,塩谷町玉生,しおやまちたまにゅう,0938400,1,,
0940730,那須町寺子,なすまちてらこ,0940700,1,,
0920100,宇都宮市明保野町,うつのみやしあけぼのちょう,0920100,1,1,
0920120,宇都宮市塙田,うつのみやしはなわだ,0920100,1,,
0920130,宇都宮市旭,うつのみやしあさひ,0920100,1,,
0920131,宇都宮市中里町,うつのみやしなかざとちょう,0920100,1,,
0920133,宇都宮市中岡本町,うつのみやしなかおかもとちょう,0920100,1,,
0920231,足利市大正町,あしかがしたいしょうちょう,0920200,1,,
0920300,栃木市旭町,とちぎしあさひちょう,0920300,1,1,
0920331,栃木市大平町富田,とちぎしおおひらまちとみだ,0920300,1,,
0920332,栃木市藤岡町藤岡,とちぎしふじおかまちふじおか,0920300,1,,
0920333,栃木市都賀町家中,とちぎしつがまちいえなか,0920300,1,,
0920334,栃木市西方町本城,とちぎしにしかたまちほんじょう,0920300,1,,
0920335,栃木市万町,とちぎしよろずちょう,0920300,1,,
0920336,栃木市岩舟町静,とちぎしいわふねまちしずか,0920300,1,,
0920420,佐野市中町,さのしなかちょう,0920400,1,,
0920434,佐野市葛生東,さのしくずうひがし,0920400,1,,
0920435,佐野市高砂町,さのしたかさごちょう,0920400,1,,
0920436,佐野市田沼町,さのしたぬまちょう,0920400,1,,
0920520,鹿沼市晃望台,かぬましこうぼうだい,0920500,1,,
0920531,鹿沼市口粟野,かぬましくちあわの,0920500,1,,
0920532,鹿沼市今宮町,かぬましいまみやちょう,0920500,1,,
0920820,小山市神鳥谷,おやましひととのや,0920800,1,,
0920831,小山市中央町,おやましちゅうおうちょう,0920800,1,,
0920920,真岡市田町,もおかしたまち,0920900,1,,
0920932,真岡市荒町,もおかしあらまち,0920900,1,,
0920933,真岡市石島,もおかしいしじま,0920900,1,,
0921430,栃木さくら市氏家,とちぎさくらしうじいえ,0921400,1,,
0921432,栃木さくら市喜連川,とちぎさくらしきつれがわ,0921400,1,,
0921501,那須烏山市神長,なすからすやましかなが,0921500,1,1,
0921530,那須烏山市大金,なすからすやましおおがね,0921500,1,,
0921531,那須烏山市役所,なすからすやましやくしょ,0921500,1,,
0921633,下野市田中,しもつけしたなか,0921600,1,,
0921634,下野市笹原,しもつけしささはら,0921600,1,,
0921635,下野市大松山,しもつけしおおまつやま,0921600,1,,
0930130,上三川町しらさぎ,かみのかわまちしらさぎ,0930100,1,,
0934200,益子町益子,ましこまちましこ,0934200,1,1,
0934321,茂木町北高岡天矢場,もてぎまちきたたかおかてんやば,0934300,1,,
0934330,茂木町茂木,もてぎまちもてぎ,0934300,1,,
0934430,市貝町市塙,いちかいまちいちはな,0934400,1,,
0934531,芳賀町祖母井,はがまちうばがい,0934500,1,,
0936131,壬生町壬生甲,みぶまちみぶこう,0936100,1,,
0936430,野木町丸林,のぎまちまるばやし,0936400,1,,
0938630,高根沢町石末,たかねざわまちいしずえ,0938600,1,,
0941132,栃木那珂川町馬頭,とちぎなかがわまちばとう,0941100,1,,
0941133,栃木那珂川町小川,とちぎなかがわまちおがわ,0941100,1,,
1020601,沼田市西倉内町,ぬまたしにしくらうちまち,1020600,1,1,
1020602,沼田市尾瀬高等学校,ぬまたしおぜこうとうがっこう,1020600,1,1,
1020620,沼田市下久屋町,ぬまたししもくやまち,1020600,1,,
1020631,沼田市白沢町,ぬまたししらさわまち,1020600,1,,
1020633,沼田市利根町,ぬまたしとねまち,1020600,1,,
1042100,中之条町日影,なかのじょうまちひかげ,1042100,1,1,
1042130,中之条町中之条町,なかのじょうまちなかのじょうまち,1042100,1,,
1042132,中之条町入山,なかのじょうまちいりやま,1042100,1,,
1042431,長野原町長野原,ながのはらまちながのはら,1042400,1,,
1042530,嬬恋村大前,つまごいむらおおまえ,1042500,1,,
1042620,草津町草津,くさつまちくさつ,1042600,1,,
1042832,群馬高山村中山,ぐんまたかやまむらなかやま,1042800,1,,
1042901,東吾妻町原町,ひがしあがつままちはらまち,1042900,1,1,
1042920,東吾妻町本宿,ひがしあがつままちもとじゅく,1042900,1,,
1042931,東吾妻町奥田,ひがしあがつままちおくだ,1042900,1,,
1044320,片品村鎌田,かたしなむらかまだ,1044300,1,,
1044432,川場村谷地,かわばむらやち,1044400,1,,
1044832,群馬昭和村糸井,ぐんましょうわむらいとい,1044800,1,,
1044920,みなかみ町鹿野沢,みなかみまちかのさわ,1044900,1,,
1044930,みなかみ町後閑,みなかみまちごかん,1044900,1,,
1044931,みなかみ町布施,みなかみまちふせ,1044900,1,,
1020101,前橋市昭和町,まえばしししょうわまち,1020100,1,1,
1020120,前橋市駒形町,まえばししこまがたまち,1020100,1,,
1020130,前橋市大手町,まえばししおおてまち,1020100,1,,
1020131,前橋市堀越町,まえばししほりこしまち,1020100,1,,
1020133,前橋市粕川町,まえばししかすかわまち,1020100,1,,
1020134,前橋市富士見町,まえばししふじみまち,1020100,1,,
1020135,前橋市鼻毛石町,まえばししはなげいしまち,1020100,1,,
1020230,高崎市高松町,たかさきしたかまつちょう,1020200,1,,
1020231,高崎市倉渕町,たかさきしくらぶちまち,1020200,1,,
1020232,高崎市箕郷町,たかさきしみさとまち,1020200,1,,
1020233,高崎市足門町,たかさきしあしかどまち,1020200,1,,
1020234,高崎市新町,たかさきししんまち,1020200,1,,
1020235,高崎市下室田,たかさきししもむろだ,1020200,1,,
1020236,高崎市吉井町吉井川,たかさきしよしいまちよしいかわ,1020200,1,,
1020301,桐生市錦町,きりゅうしにしきちょう,1020300,1,1,
1020320,桐生市元宿町,きりゅうしもとじゅくちょう,1020300,1,,
1020331,桐生市黒保根町,きりゅうしくろほねちょう,1020300,1,,
1020332,桐生市新里町,きりゅうしにいさとちょう,1020300,1,,
1020431,伊勢崎市今泉町,いせさきしいまいずみちょう,1020400,1,,
1020432,伊勢崎市西久保町,いせさきしにしくぼちょう,1020400,1,,
1020434,伊勢崎市境,いせさきしさかい,1020400,1,,
1020435,伊勢崎市東町,いせさきしあずまちょう,1020400,1,,
1020520,太田市西本町,おおたしにしほんちょう,1020500,1,,
1020530,太田市浜町,おおたしはまちょう,1020500,1,,
1020531,太田市粕川町,おおたしかすかわちょう,1020500,1,,
1020532,太田市新田金井町,おおたしにったかないちょう,1020500,1,,
1020534,太田市大原町,おおたしおおばらちょう,1020500,1,,
1020721,館林市上三林町,たてばやししかみみばやしちょう,1020700,1,,
1020730,館林市城町,たてばやしししろまち,1020700,1,,
1020821,渋川市有馬,しぶかわしありま,1020800,1,,
1020830,渋川市石原,しぶかわしいしはら,1020800,1,,
1020831,渋川市北橘町,しぶかわしほっきつまち,1020800,1,,
1020833,渋川市吹屋,しぶかわしふきや,1020800,1,,
1020834,渋川市村上,しぶかわしむらかみ,1020800,1,,
1020836,渋川市赤城町,しぶかわしあかぎまち,1020800,1,,
1020837,渋川市伊香保町,しぶかわしいかほまち,1020800,1,,
1020930,藤岡市中栗須,ふじおかしなかくりす,1020900,1,,
1020932,藤岡市鬼石,ふじおかしおにし,1020900,1,,
1021000,富岡市七日市,とみおかしなのかいち,1021000,1,1,
1021030,富岡市妙義町,とみおかしみょうぎまち,1021000,1,,
1021121,安中市松井田町,あんなかしまついだまち,1021100,1,,
1021130,安中市安中,あんなかしあんなか,1021100,1,,
1021230,みどり市東町,みどりしあずまちょう,1021200,1,,
1021231,みどり市笠懸町,みどりしかさかけちょう,1021200,1,,
1021232,みどり市大間々町,みどりしおおままちょう,1021200,1,,
1034431,榛東村新井,しんとうむらあらい,1034400,1,,
1034530,吉岡町下野田,よしおかまちしものだ,1034500,1,,
1036631,群馬上野村川和,ぐんまうえのむらかわわ,1036600,1,,
1036720,神流町生利,かんなまちしょうり,1036700,1,,
1036731,神流町神ヶ原,かんなまちかがはら,1036700,1,,
1038220,下仁田町下小坂,しもにたまちしもおさか,1038200,1,,
1038330,群馬南牧村大日向,ぐんまなんもくむらおおひなた,1038300,1,,
1038430,甘楽町小幡,かんらまちおばた,1038400,1,,
1046430,玉村町下新田,たまむらまちしもしんでん,1046400,1,,
1052101,板倉町板倉,いたくらまちいたくら,1052100,1,1,
1052231,群馬明和町新里,ぐんまめいわまちにっさと,1052200,1,,
1052330,千代田町赤岩,ちよだまちあかいわ,1052300,1,,
1052430,大泉町日の出,おおいずみまちひので,1052400,1,,
1052531,邑楽町中野,おうらまちなかの,1052500,1,,
1120200,熊谷市桜町,くまがやしさくらちょう,1120200,1,1,
1120220,熊谷市宮町,くまがやしみやちょう,1120200,1,,
1120230,熊谷市大里,くまがやしおおさと,1120200,1,,
1120231,熊谷市妻沼,くまがやしめぬま,1120200,1,,
1120232,熊谷市江南,くまがやしこうなん,1120200,1,,
1120630,行田市本丸,ぎょうだしほんまる,1120600,1,,
1120631,行田市南河原,ぎょうだしみなみかわら,1120600,1,,
1121030,加須市三俣,かぞしみつまた,1121000,1,,
1121031,加須市騎西,かぞしきさい,1121000,1,,
1121032,加須市北川辺,かぞしきたかわべ,1121000,1,,
1121033,加須市大利根,かぞしおおとね,1121000,1,,
1121101,本庄市児玉町,ほんじょうしこだまちょう,1121100,1,1,
1121120,本庄市本庄,ほんじょうしほんじょう,1121100,1,,
1121220,東松山市市ノ川,ひがしまつやましいちのかわ,1121200,1,,
1121230,東松山市松葉町,ひがしまつやましまつばちょう,1121200,1,,
1121630,羽生市東,はにゅうしひがし,1121600,1,,
1121730,鴻巣市中央,こうのすしちゅうおう,1121700,1,,
1121733,鴻巣市川里,こうのすしかわさと,1121700,1,,
1121734,鴻巣市吹上富士見,こうのすしふきあげふじみ,1121700,1,,
1121834,深谷市花園,ふかやしはなぞの,1121800,1,,
1121835,深谷市普済寺,ふかやしふさいじ,1121800,1,,
1121836,深谷市仲町,ふかやしなかちょう,1121800,1,,
1121837,深谷市菅沼,ふかやしすがぬま,1121800,1,,
1123200,久喜市下早見,くきししもはやみ,1123200,1,1,
1123220,久喜市青葉,くきしあおば,1123200,1,,
1123230,久喜市菖蒲,くきししょうぶ,1123200,1,,
1123231,久喜市栗橋,くきしくりはし,1123200,1,,
1123232,久喜市鷲宮,くきしわしみや,1123200,1,,
1134130,滑川町福田,なめがわまちふくだ,1134100,1,,
1134230,嵐山町杉山,らんざんまちすぎやま,1134200,1,,
1134320,小川町大塚,おがわまちおおつか,1134300,1,,
1134730,吉見町下細谷,よしみまちしもほそや,1134700,1,,
1134800,鳩山町大豆戸,はとやままちまめど,1134800,1,1,
1134930,ときがわ町桃木,ときがわまちもものき,1134900,1,,
1134931,ときがわ町玉川,ときがわまちたまがわ,1134900,1,,
1136930,東秩父村御堂,ひがしちちぶむらみどう,1136900,1,,
1138130,埼玉美里町木部,さいたまみさとまちきべ,1138100,1,,
1138333,埼玉神川町植竹,さいたまかみかわまちうえたけ,1138300,1,,
1138334,埼玉神川町下阿久原,さいたまかみかわまちしもあぐはら,1138300,1,,
1138530,上里町七本木,かみさとまちしちほんぎ,1138500,1,,
1140830,寄居町寄居,よりいまちよりい,1140800,1,,
1110130,さいたま西区指扇,さいたまにしくさしおうぎ,1110100,1,,
1110230,さいたま北区宮原,さいたまきたくみやはら,1110200,1,,
1110320,さいたま大宮区天沼町,さいたまおおみやくあまぬまちょう,1110300,1,,
1110331,さいたま大宮区大門,さいたまおおみやくだいもん,1110300,1,,
1110430,さいたま見沼区堀崎,さいたまみぬまくほりさき,1110400,1,,
1110530,さいたま中央区下落合,さいたまちゅうおうくしもおちあい,1110500,1,,
1110630,さいたま桜区道場,さいたまさくらくどうじょう,1110600,1,,
1110700,さいたま浦和区高砂,さいたまうらわくたかさご,1110700,1,1,
1110730,さいたま浦和区常盤,さいたまうらわくときわ,1110700,1,,
1110831,さいたま南区別所,さいたまみなみくべっしょ,1110800,1,,
1110930,さいたま緑区中尾,さいたまみどりくなかお,1110900,1,,
1111031,さいたま岩槻区本丸,さいたまいわつきくほんまる,1111000,1,,
1120100,川越市旭町,かわごえしあさひちょう,1120100,1,1,
1120121,川越市新宿町,かわごえしあらじゅくまち,1120100,1,,
1120320,川口市中青木分室,かわぐちしなかあおきぶんしつ,1120300,1,,
1120331,川口市三ツ和,かわぐちしみつわ,1120300,1,,
1120333,川口市安行領家,かわぐちしあんぎょうりょうけ,1120300,1,,
1120820,所沢市北有楽町,ところざわしきたゆうらくちょう,1120800,1,,
1120831,所沢市並木,ところざわしなみき,1120800,1,,
1120901,飯能市下直竹,はんのうししもなおたけ,1120900,1,1,
1120920,飯能市征矢町,はんのうしそやちょう,1120900,1,,
1120930,飯能市双柳,はんのうしなみやなぎ,1120900,1,,
1120931,飯能市名栗,はんのうしなぐり,1120900,1,,
1121421,春日部市粕壁,かすかべしかすかべ,1121400,1,,
1121430,春日部市金崎,かすかべしかなさき,1121400,1,,
1121440,春日部市谷原新田,かすかべしやはらしんでん,1121400,1,,
1121530,狭山市入間川,さやましいるまがわ,1121500,1,,
1121931,上尾市本町,あげおしほんちょう,1121900,1,,
1122132,草加市中央,そうかしちゅうおう,1122100,1,,
1122231,越谷市越ヶ谷,こしがやしこしがや,1122200,1,,
1122331,蕨市中央,わらびしちゅうおう,1122300,1,,
1122431,戸田市上戸田,とだしかみとだ,1122400,1,,
1122530,入間市豊岡,いるましとよおか,1122500,1,,
1122730,朝霞市本町,あさかしほんちょう,1122700,1,,
1122832,志木市中宗岡,しきしなかむねおか,1122800,1,,
1122930,和光市広沢,わこうしひろさわ,1122900,1,,
1123031,新座市野火止,にいざしのびとめ,1123000,1,,
1123132,桶川市泉,おけがわしいずみ,1123100,1,,
1123331,北本市本町,きたもとしほんちょう,1123300,1,,
1123431,八潮市中央,やしおしちゅうおう,1123400,1,,
1123530,富士見市鶴馬,ふじみしつるま,1123500,1,,
1123731,三郷市中央,みさとしちゅうおう,1123700,1,,
1123830,蓮田市黒浜,はすだしくろはま,1123800,1,,
1123930,坂戸市千代田,さかどしちよだ,1123900,1,,
1124030,幸手市東,さってしひがし,1124000,1,,
1124130,鶴ヶ島市三ツ木,つるがしましみつぎ,1124100,1,,
1124230,日高市南平沢,ひだかしみなみひらさわ,1124200,1,,
1124331,吉川市きよみ野,よしかわしきよみの,1124300,1,,
1124530,ふじみ野市福岡,ふじみのしふくおか,1124500,1,,
1124532,ふじみ野市大井,ふじみのしおおい,1124500,1,,
1124630,白岡市千駄野,しらおかしせんだの,1124600,1,,
1130130,伊奈町中央,いなまちちゅうおう,1130100,1,,
1132430,埼玉三芳町藤久保,さいたまみよしまちふじくぼ,1132400,1,,
1132630,毛呂山町中央,もろやままちちゅうおう,1132600,1,,
1132730,越生町越生,おごせまちおごせ,1132700,1,,
1134631,川島町下八ツ林,かわじままちしもやつばやし,1134600,1,,
1144231,宮代町笠原,みやしろまちかさはら,1144200,1,,
1146430,杉戸町清地,すぎとまちせいじ,1146400,1,,
1146530,松伏町松伏,まつぶしまちまつぶし,1146500,1,,
1120701,秩父市上町,ちちぶしかみまち,1120700,1,1,
1120720,秩父市近戸町,ちちぶしちかとまち,1120700,1,,
1120721,秩父市中津川,ちちぶしなかつがわ,1120700,1,,
1120731,秩父市吉田,ちちぶしよしだ,1120700,1,,
1120733,秩父市荒川,ちちぶしあらかわ,1120700,1,,
1120734,秩父市熊木町,ちちぶしくまぎまち,1120700,1,,
1120735,秩父市大滝,ちちぶしおおたき,1120700,1,,
1136130,横瀬町横瀬,よこぜまちよこぜ,1136100,1,,
1136230,皆野町皆野,みなのまちみなの,1136200,1,,
1136320,長瀞町野上下郷,ながとろまちのがみしもごう,1136300,1,,
1136330,長瀞町本野上,ながとろまちほんのがみ,1136300,1,,
1136500,小鹿野町両神薄,おがのまちりょうかみすすき,1136500,1,1,
1136531,小鹿野町役場両神庁舎,おがのまちやくばりょうかみちょうしゃ,1136500,1,,
1136532,小鹿野町小鹿野,おがのまちおがの,1136500,1,,
1220200,銚子市川口町,ちょうししかわぐちちょう,1220200,1,1,
1220202,銚子市小畑新町,ちょうししこばたけしんまち,1220200,1,1,
1220220,銚子市若宮町,ちょうししわかみやちょう,1220200,1,,
1221030,茂原市道表,もばらしどうびょう,1221000,1,,
1221300,東金市東新宿,とうがねしひがししんじゅく,1221300,1,1,
1221320,東金市日吉台,とうがねしひよしだい,1221300,1,,
1221331,東金市東岩崎,とうがねしひがしいわさき,1221300,1,,
1221531,旭市南堀之内,あさひしみなみほりのうち,1221500,1,,
1221532,旭市高生,あさひしたかおい,1221500,1,,
1221533,旭市萩園,あさひしはぎぞの,1221500,1,,
1221535,旭市ニ,あさひしに,1221500,1,,
1223530,匝瑳市八日市場ハ,そうさしようかいちばは,1223500,1,,
1223532,匝瑳市今泉,そうさしいまいずみ,1223500,1,,
1223602,香取市佐原平田,かとりしさわらひらた,1223600,1,1,
1223620,香取市佐原諏訪台,かとりしさわらすわだい,1223600,1,,
1223630,香取市役所,かとりしやくしょ,1223600,1,,
1223631,香取市羽根川,かとりしはねかわ,1223600,1,,
1223632,香取市仁良,かとりしにら,1223600,1,,
1223633,香取市岩部,かとりしいわべ,1223600,1,,
1223700,山武市松尾町富士見台,さんむしまつおまちふじみだい,1223700,1,1,
1223721,山武市蓮沼ニ,さんむしはすぬまに,1223700,1,,
1223734,山武市埴谷,さんむしはにや,1223700,1,,
1223735,山武市殿台,さんむしとのだい,1223700,1,,
1223736,山武市蓮沼ハ,さんむしはすぬまは,1223700,1,,
1223737,山武市松尾町五反田,さんむしまつおまちごたんだ,1223700,1,,
1223930,大網白里市大網,おおあみしらさとしおおあみ,1223900,1,,
1234230,神崎町神崎本宿,こうざきまちこうざきほんじゅく,1234200,1,,
1234700,多古町多古,たこまちたこ,1234700,1,1,
1234931,東庄町笹川,とうのしょうまちささがわ,1234900,1,,
1240330,九十九里町片貝,くじゅうくりまちかたかい,1240300,1,,
1240931,芝山町小池,しばやままちこいけ,1240900,1,,
1241030,横芝光町宮川,よこしばひかりまちみやがわ,1241000,1,,
1241032,横芝光町栗山,よこしばひかりまちくりやま,1241000,1,,
1242101,一宮町一宮,いちのみやまちいちのみや,1242100,1,1,
1242230,睦沢町下之郷,むつざわまちしものごう,1242200,1,,
1242330,長生村本郷,ちょうせいむらほんごう,1242300,1,,
1242431,白子町関,しらこまちせき,1242400,1,,
1242630,長柄町桜谷,ながらまちさくらや,1242600,1,,
1242700,長南町総合グラウンド,ちょうなんまちそうごうぐらうんど,1242700,1,1,
1242732,長南町長南,ちょうなんまちちょうなん,1242700,1,,
1210101,千葉中央区中央港,ちばちゅうおうくちゅうおうこう,1210100,1,1,
1210240,千葉花見川区花島町,ちばはなみがわくはなしまちょう,1210200,1,,
1210340,千葉稲毛区園生町,ちばいなげくそんのうちょう,1210300,1,,
1210420,千葉若葉区野呂町,ちばわかばくのろちょう,1210400,1,,
1210440,千葉若葉区小倉台,ちばわかばくおぐらだい,1210400,1,,
1210540,千葉緑区おゆみ野,ちばみどりくおゆみの,1210500,1,,
1210600,千葉美浜区ひび野,ちばみはまくひびの,1210600,1,1,
1210620,千葉美浜区稲毛海岸,ちばみはまくいなげかいがん,1210600,1,,
1220320,市川市大町,いちかわしおおまち,1220300,1,,
1220321,市川市本行徳,いちかわしほんぎょうとく,1220300,1,,
1220332,市川市八幡,いちかわしやわた,1220300,1,,
1220431,船橋市湊町,ふなばししみなとちょう,1220400,1,,
1220731,松戸市根本,まつどしねもと,1220700,1,,
1220740,松戸市西馬橋,まつどしにしまばし,1220700,1,,
1220832,野田市鶴奉,のだしつるほう,1220800,1,,
1220833,野田市東宝珠花,のだしひがしほうしゅばな,1220800,1,,
1221101,成田国際空港,なりたこくさいくうこう,1221100,1,1,
1221102,成田市名古屋,なりたしなごや,1221100,1,1,
1221120,成田市中台,なりたしなかだい,1221100,1,,
1221133,成田市役所,なりたしやくしょ,1221100,1,,
1221134,成田市猿山,なりたしさるやま,1221100,1,,
1221135,成田市松子,なりたしまつこ,1221100,1,,
1221231,千葉佐倉市海隣寺町,ちばさくらしかいりんじまち,1221200,1,,
1221632,習志野市鷺沼,ならしのしさぎぬま,1221600,1,,
1221701,柏市旭町,かしわしあさひちょう,1221700,1,1,
1221732,柏市柏,かしわしかしわ,1221700,1,,
1221733,柏市大島田,かしわしおおしまた,1221700,1,,
1221920,市原市姉崎,いちはらしあねさき,1221900,1,,
1221930,市原市国分寺台中央,いちはらしこくぶんじだいちゅうおう,1221900,1,,
1222030,流山市平和台,ながれやましへいわだい,1222000,1,,
1222131,八千代市大和田新田,やちよしおおわだしんでん,1222100,1,,
1222230,我孫子市我孫子,あびこしあびこ,1222200,1,,
1222431,鎌ケ谷市新鎌ケ谷,かまがやししんかまがや,1222400,1,,
1222700,浦安市日の出,うらやすしひので,1222700,1,1,
1222732,浦安市猫実,うらやすしねこざね,1222700,1,,
1222831,四街道市鹿渡,よつかいどうししかわたし,1222800,1,,
1223031,八街市八街,やちまたしやちまた,1223000,1,,
1223130,印西市大森,いんざいしおおもり,1223100,1,,
1223132,印西市笠神,いんざいしかさがみ,1223100,1,,
1223133,印西市美瀬,いんざいしみせ,1223100,1,,
1223232,白井市復,しろいしふく,1223200,1,,
1223330,富里市七栄,とみさとしななえ,1223300,1,,
1232231,酒々井町中央台,しすいまちちゅうおうだい,1232200,1,,
1232931,栄町安食台,さかえまちあじきだい,1232900,1,,
1220501,館山市長須賀,たてやましながすか,1220500,1,1,
1220531,館山市北条,たてやましほうじょう,1220500,1,,
1220601,木更津市太田,きさらづしおおだ,1220600,1,1,
1220631,木更津市富士見,きさらづしふじみ,1220600,1,,
1221800,勝浦市墨名,かつうらしとな,1221800,1,1,
1221820,勝浦市新官,かつうらししんかん,1221800,1,,
1222300,鴨川市八色,かもがわしやいろ,1222300,1,1,
1222301,鴨川市内浦,かもがわしうちうら,1222300,1,1,
1222320,鴨川市横渚,かもがわしよこすか,1222300,1,,
1222330,鴨川市天津,かもがわしあまつ,1222300,1,,
1222520,君津市久留里市場,きみつしくるりいちば,1222500,1,,
1222531,君津市久保,きみつしくぼ,1222500,1,,
1222631,富津市下飯野,ふっつししもいいの,1222600,1,,
1222931,袖ケ浦市坂戸市場,そでがうらしさかどいちば,1222900,1,,
1223400,南房総市上堀,みなみぼうそうしかみほり,1223400,1,1,
1223430,南房総市富浦町青木,みなみぼうそうしとみうらちょうあおき,1223400,1,,
1223433,南房総市白浜町白浜,みなみぼうそうししらはまちょうしらはま,1223400,1,,
1223435,南房総市岩糸,みなみぼうそうしいわいと,1223400,1,,
1223438,南房総市久枝,みなみぼうそうしくし,1223400,1,,
1223439,南房総市和田町,みなみぼうそうしわだちょう,1223400,1,,
1223440,南房総市谷向,みなみぼうそうしやむかい,1223400,1,,
1223441,南房総市千倉町瀬戸,みなみぼうそうしちくらちょうせと,1223400,1,,
1223831,いすみ市大原,いすみしおおはら,1223800,1,,
1223833,いすみ市国府台,いすみしこうのだい,1223800,1,,
1223834,いすみ市岬町長者,いすみしみさきちょうちょうじゃ,1223800,1,,
1244130,大多喜町大多喜,おおたきまちおおたき,1244100,1,,
1244330,御宿町須賀,おんじゅくまちすか,1244300,1,,
1246330,鋸南町下佐久間,きょなんまちしもさくま,1246300,1,,
1310100,東京千代田区大手町,とうきょうちよだくおおてまち,1310100,1,1,
1310134,東京千代田区富士見,とうきょうちよだくふじみ,1310100,1,,
1310151,東京千代田区麹町,とうきょうちよだくこうじまち,1310100,1,,
1310230,東京中央区築地,とうきょうちゅうおうくつきじ,1310200,1,,
1310250,東京中央区日本橋兜町,とうきょうちゅうおうくにほんばしかぶとちょう,1310200,1,,
1310253,東京中央区勝どき,とうきょうちゅうおうくかちどき,1310200,1,,
1310300,東京港区海岸,とうきょうみなとくかいがん,1310300,1,1,
1310330,東京港区芝公園,とうきょうみなとくしばこうえん,1310300,1,,
1310352,東京港区南青山,とうきょうみなとくみなみあおやま,1310300,1,,
1310353,東京港区白金,とうきょうみなとくしろかね,1310300,1,,
1310400,東京新宿区西新宿,とうきょうしんじゅくくにししんじゅく,1310400,1,1,
1310420,東京新宿区上落合,とうきょうしんじゅくくかみおちあい,1310400,1,,
1310432,東京新宿区歌舞伎町,とうきょうしんじゅくくかぶきちょう,1310400,1,,
1310451,東京新宿区百人町,とうきょうしんじゅくくひゃくにんちょう,1310400,1,,
1310531,東京文京区スポーツセンタ,とうきょうぶんきょうくすぽーつせんた,1310500,1,,
1310550,東京文京区本郷,とうきょうぶんきょうくほんごう,1310500,1,,
1310551,東京文京区大塚,とうきょうぶんきょうくおおつか,1310500,1,,
1310632,東京台東区東上野,とうきょうたいとうくひがしうえの,1310600,1,,
1310650,東京台東区千束,とうきょうたいとうくせんぞく,1310600,1,,
1310700,東京墨田区横川,とうきょうすみだくよこかわ,1310700,1,1,
1310730,東京墨田区吾妻橋,とうきょうすみだくあづまばし,1310700,1,,
1310750,東京墨田区東向島,とうきょうすみだくひがしむこうじま,1310700,1,,
1310800,東京江東区青海,とうきょうこうとうくあおみ,1310800,1,1,
1310820,東京江東区越中島,とうきょうこうとうくえっちゅうじま,1310800,1,,
1310831,東京江東区東陽,とうきょうこうとうくとうよう,1310800,1,,
1310850,東京江東区森下,とうきょうこうとうくもりした,1310800,1,,
1310852,東京江東区亀戸,とうきょうこうとうくかめいど,1310800,1,,
1310854,東京江東区枝川,とうきょうこうとうくえだがわ,1310800,1,,
1310931,東京品川区広町,とうきょうしながわくひろまち,1310900,1,,
1310950,東京品川区北品川,とうきょうしながわくきたしながわ,1310900,1,,
1310951,東京品川区平塚,とうきょうしながわくひらつか,1310900,1,,
1311030,東京目黒区中央町,とうきょうめぐろくちゅうおうちょう,1311000,1,,
1311102,東京国際空港,とうきょうこくさいくうこう,1311100,1,1,
1311130,東京大田区蒲田,とうきょうおおたくかまた,1311100,1,,
1311150,東京大田区大森東,とうきょうおおたくおおもりひがし,1311100,1,,
1311152,東京大田区本羽田,とうきょうおおたくほんはねだ,1311100,1,,
1311153,東京大田区多摩川,とうきょうおおたくたまがわ,1311100,1,,
1311231,東京世田谷区世田谷,とうきょうせたがやくせたがや,1311200,1,,
1311250,東京世田谷区三軒茶屋,とうきょうせたがやくさんげんぢゃや,1311200,1,,
1311252,東京世田谷区中町,とうきょうせたがやくなかまち,1311200,1,,
1311253,東京世田谷区成城,とうきょうせたがやくせいじょう,1311200,1,,
1311331,東京渋谷区宇田川町,とうきょうしぶやくうだがわちょう,1311300,1,,
1311350,東京渋谷区本町,とうきょうしぶやくほんまち,1311300,1,,
1311431,東京中野区中野,とうきょうなかのくなかの,1311400,1,,
1311451,東京中野区江古田,とうきょうなかのくえこた,1311400,1,,
1311452,東京中野区中央,とうきょうなかのくちゅうおう,1311400,1,,
1311501,東京杉並区阿佐谷,とうきょうすぎなみくあさがや,1311500,1,1,
1311550,東京杉並区桃井,とうきょうすぎなみくももい,1311500,1,,
1311551,東京杉並区高井戸,とうきょうすぎなみくたかいど,1311500,1,,
1311631,東京豊島区南池袋,とうきょうとしまくみなみいけぶくろ,1311600,1,,
1311730,東京北区西ヶ原,とうきょうきたくにしがはら,1311700,1,,
1311753,東京北区赤羽南,とうきょうきたくあかばねみなみ,1311700,1,,
1311830,東京荒川区荒川,とうきょうあらかわくあらかわ,1311800,1,,
1311850,東京荒川区東尾久,とうきょうあらかわくひがしおぐ,1311800,1,,
1311931,東京板橋区高島平,とうきょういたばしくたかしまだいら,1311900,1,,
1311950,東京板橋区板橋,とうきょういたばしくいたばし,1311900,1,,
1311951,東京板橋区相生町,とうきょういたばしくあいおいちょう,1311900,1,,
1312031,東京練馬区豊玉北,とうきょうねりまくとよたまきた,1312000,1,,
1312051,東京練馬区東大泉,とうきょうねりまくひがしおおいずみ,1312000,1,,
1312052,東京練馬区光が丘,とうきょうねりまくひかりがおか,1312000,1,,
1312130,東京足立区中央本町,とうきょうあだちくちゅうおうほんちょう,1312100,1,,
1312152,東京足立区神明南,とうきょうあだちくしんめいみなみ,1312100,1,,
1312153,東京足立区千住中居町,とうきょうあだちくせんじゅなかいちょう,1312100,1,,
1312154,東京足立区伊興,とうきょうあだちくいこう,1312100,1,,
1312230,東京葛飾区立石,とうきょうかつしかくたていし,1312200,1,,
1312252,東京葛飾区金町,とうきょうかつしかくかなまち,1312200,1,,
1312300,東京江戸川区中央,とうきょうえどがわくちゅうおう,1312300,1,1,
1312351,東京江戸川区鹿骨,とうきょうえどがわくししぼね,1312300,1,,
1312352,東京江戸川区船堀,とうきょうえどがわくふなぼり,1312300,1,,
1320100,八王子市大横町,はちおうじしおおよこちょう,1320100,1,1,
1320120,八王子市堀之内,はちおうじしほりのうち,1320100,1,,
1320150,八王子市石川町,はちおうじしいしかわまち,1320100,1,,
1320231,立川市泉町,たちかわしいずみちょう,1320200,1,,
1320331,武蔵野市緑町,むさしのしみどりちょう,1320300,1,,
1320352,武蔵野市吉祥寺東町,むさしのしきちじょうじひがしちょう,1320300,1,,
1320433,三鷹市新川,みたかししんかわ,1320400,1,,
1320631,東京府中市寿町,とうきょうふちゅうしことぶきちょう,1320600,1,,
1320651,東京府中市朝日町,とうきょうふちゅうしあさひちょう,1320600,1,,
1320730,昭島市田中町,あきしましたなかちょう,1320700,1,,
1320830,調布市小島町,ちょうふしこじまちょう,1320800,1,,
1320850,調布市西つつじヶ丘,ちょうふしにしつつじがおか,1320800,1,,
1320921,町田市忠生,まちだしただお,1320900,1,,
1320932,町田市森野,まちだしもりの,1320900,1,,
1320952,町田市本町田,まちだしほんまちだ,1320900,1,,
1321020,小金井市本町,こがねいしほんちょう,1321000,1,,
1321131,小平市小川町,こだいらしおがわちょう,1321100,1,,
1321230,日野市神明,ひのししんめい,1321200,1,,
1321331,東村山市本町,ひがしむらやましほんちょう,1321300,1,,
1321351,東村山市美住町,ひがしむらやましみすみちょう,1321300,1,,
1321401,国分寺市戸倉,こくぶんじしとくら,1321400,1,1,
1321451,国分寺市泉町,こくぶんじしいずみちょう,1321400,1,,
1321530,国立市富士見台,くにたちしふじみだい,1321500,1,,
1321852,福生市福生,ふっさしふっさ,1321800,1,,
1321931,狛江市和泉本町,こまえしいずみほんちょう,1321900,1,,
1322030,東大和市中央,ひがしやまとしちゅうおう,1322000,1,,
1322141,清瀬市中里,きよせしなかざと,1322100,1,,
1322152,清瀬市中清戸,きよせしなかきよと,1322100,1,,
1322230,東久留米市本町,ひがしくるめしほんちょう,1322200,1,,
1322331,武蔵村山市本町,むさしむらやましほんまち,1322300,1,,
1322431,多摩市関戸,たましせきど,1322400,1,,
1322450,多摩市鶴牧,たましつるまき,1322400,1,,
1322530,稲城市東長沼,いなぎしひがしながぬま,1322500,1,,
1322730,羽村市緑ヶ丘,はむらしみどりがおか,1322700,1,,
1322941,西東京市中町,にしとうきょうしなかまち,1322900,1,,
1330331,瑞穂町箱根ヶ崎,みずほまちはこねがさき,1330300,1,,
1320510,青梅市東青梅,おうめしひがしおうめ,1320500,1,1,
1320550,青梅市日向和田,おうめしひなたわだ,1320500,1,,
1322851,あきる野市伊奈,あきるのしいな,1322800,1,,
1330540,日の出町平井,ひのでまちひらい,1330500,1,,
1330721,檜原村本宿,ひのはらむらもとしゅく,1330700,1,,
1330740,檜原村役場,ひのはらむらやくば,1330700,1,,
1330852,奥多摩町氷川,おくたままちひかわ,1330800,1,,
1336401,神津島村金長,こうづしまむらきんなが,1336400,1,1,
1336431,神津島村役場,こうづしまむらやくば,1336400,1,,
1336103,伊豆大島町差木地,いずおおしままちさしきじ,1336100,1,,
1336104,伊豆大島町元町,いずおおしままちもとまち,1336100,1,1,
1336121,伊豆大島町波浮港,いずおおしままちはぶみなと,1336100,1,,
1336172,伊豆大島町岡田,いずおおしままちおかた,1336100,1,,
1336200,東京利島村東山,とうきょうとしまむらひがしやま,1336200,1,1,
1336300,新島村大原,にいじまむらおおはら,1336300,1,1,
1336301,新島村式根島,にいじまむらしきねじま,1336300,1,1,
1336330,新島村本村,にいじまむらほんそん,1336300,1,,
1338103,三宅村神着,みやけむらかみつき,1338100,1,1,
1338104,三宅村坪田,みやけむらつぼた,1338100,1,1,
1338120,三宅村阿古,みやけむらあこ,1338100,1,,
1338200,御蔵島村西川,みくらじまむらにしかわ,1338200,1,1,
1340103,八丈町樫立,はちじょうまちかしたて,1340100,1,1,
1340104,八丈町三根,はちじょうまちみつね,1340100,1,1,
1340121,八丈町富士グランド,はちじょうまちふじぐらんど,1340100,1,,
1340200,青ヶ島村,あおがしまむら,1340200,1,1,
1342100,小笠原村父島西町,おがさわらむらちちじまにしまち,1342100,1,1,
1342101,小笠原村父島三日月山,おがさわらむらちちじまみかづきやま,1342100,1,1,
1342103,小笠原村母島,おがさわらむらははじま,1342100,1,1,
1410141,横浜鶴見区鶴見,よこはまつるみくつるみ,1410100,1,,
1410142,横浜鶴見区馬場,よこはまつるみくばば,1410100,1,,
1410143,横浜鶴見区末広町,よこはまつるみくすえひろちょう,1410100,1,,
1410240,横浜神奈川区神大寺,よこはまかながわくかんだいじ,1410200,1,,
1410242,横浜神奈川区広台太田町,よこはまかながわくひろだいおおたまち,1410200,1,,
1410340,横浜西区みなとみらい,よこはまにしくみなとみらい,1410300,1,,
1410341,横浜西区浜松町,よこはまにしくはままつちょう,1410300,1,,
1410400,横浜中区山手町,よこはまなかくやまてちょう,1410400,1,1,
1410440,横浜中区山下町,よこはまなかくやましたちょう,1410400,1,,
1410441,横浜中区山吹町,よこはまなかくやまぶきちょう,1410400,1,,
1410442,横浜中区日本大通,よこはまなかくにほんおおどおり,1410400,1,,
1410541,横浜南区六ツ川,よこはまみなみくむつかわ,1410500,1,,
1410542,横浜南区大岡,よこはまみなみくおおおか,1410500,1,,
1410640,横浜保土ケ谷区神戸町,よこはまほどがやくごうどちょう,1410600,1,,
1410641,横浜保土ケ谷区上菅田町,よこはまほどがやくかみすげだちょう,1410600,1,,
1410740,横浜磯子区磯子,よこはまいそごくいそご,1410700,1,,
1410741,横浜磯子区洋光台,よこはまいそごくようこうだい,1410700,1,,
1410840,横浜金沢区白帆,よこはまかなざわくしらほ,1410800,1,,
1410841,横浜金沢区寺前,よこはまかなざわくてらまえ,1410800,1,,
1410842,横浜金沢区釜利谷南,よこはまかなざわくかまりやみなみ,1410800,1,,
1410940,横浜港北区大倉山,よこはまこうほくくおおくらやま,1410900,1,,
1410941,横浜港北区日吉本町,よこはまこうほくくひよしほんちょう,1410900,1,,
1410942,横浜港北区綱島西,よこはまこうほくくつなしまにし,1410900,1,,
1411040,横浜戸塚区平戸町,よこはまとつかくひらどちょう,1411000,1,,
1411041,横浜戸塚区戸塚町,よこはまとつかくとつかちょう,1411000,1,,
1411042,横浜戸塚区鳥が丘,よこはまとつかくとりがおか,1411000,1,,
1411142,横浜港南区野庭町,よこはまこうなんくのばちょう,1411100,1,,
1411143,横浜港南区丸山台北部,よこはまこうなんくまるやまだいほくぶ,1411100,1,,
1411220,横浜旭区大池町,よこはまあさひくおおいけちょう,1411200,1,,
1411240,横浜旭区今宿東町,よこはまあさひくいまじゅくひがしちょう,1411200,1,,
1411241,横浜旭区上白根町,よこはまあさひくかみしらねちょう,1411200,1,,
1411242,横浜旭区川井宿町,よこはまあさひくかわいしゅくちょう,1411200,1,,
1411341,横浜緑区十日市場町,よこはまみどりくとおかいちばちょう,1411300,1,,
1411342,横浜緑区鴨居,よこはまみどりくかもい,1411300,1,,
1411440,横浜瀬谷区中屋敷,よこはませやくなかやしき,1411400,1,,
1411441,横浜瀬谷区三ツ境,よこはませやくみつきょう,1411400,1,,
1411540,横浜栄区桂台南,よこはまさかえくかつらだいみなみ,1411500,1,,
1411541,横浜栄区小菅ケ谷,よこはまさかえくこすがや,1411500,1,,
1411640,横浜泉区岡津町,よこはまいずみくおかつちょう,1411600,1,,
1411641,横浜泉区和泉町,よこはまいずみくいずみちょう,1411600,1,,
1411740,横浜青葉区榎が丘,よこはまあおばくえのきがおか,1411700,1,,
1411741,横浜青葉区市ケ尾町,よこはまあおばくいちがおちょう,1411700,1,,
1411742,横浜青葉区美しが丘,よこはまあおばくうつくしがおか,1411700,1,,
1411840,横浜都筑区池辺町,よこはまつづきくいこのべちょう,1411800,1,,
1411842,横浜都筑区茅ケ崎,よこはまつづきくちがさき,1411800,1,,
1413120,川崎川崎区宮前町,かわさきかわさきくみやまえちょう,1413100,1,,
1413141,川崎川崎区千鳥町,かわさきかわさきくちどりちょう,1413100,1,,
1413142,川崎川崎区中島,かわさきかわさきくなかじま,1413100,1,,
1413241,川崎幸区戸手本町,かわさきさいわいくとでほんまち,1413200,1,,
1413300,川崎中原区小杉陣屋町,かわさきなかはらくこすぎじんやちょう,1413300,1,1,
1413340,川崎中原区小杉町,かわさきなかはらくこすぎまち,1413300,1,,
1413440,川崎高津区下作延,かわさきたかつくしもさくのべ,1413400,1,,
1413540,川崎多摩区登戸,かわさきたまくのぼりと,1413500,1,,
1413640,川崎宮前区宮前平,かわさきみやまえくみやまえだいら,1413600,1,,
1413641,川崎宮前区野川,かわさきみやまえくのがわ,1413600,1,,
1413740,川崎麻生区万福寺,かわさきあさおくまんぷくじ,1413700,1,,
1413742,川崎麻生区片平,かわさきあさおくかたひら,1413700,1,,
1420100,横須賀市光の丘,よこすかしひかりのおか,1420100,1,1,
1420120,横須賀市坂本町,よこすかしさかもとちょう,1420100,1,,
1420321,平塚市浅間町,ひらつかしせんげんちょう,1420300,1,,
1420420,鎌倉市御成町,かまくらしおなりまち,1420400,1,,
1420521,藤沢市朝日町,ふじさわしあさひちょう,1420500,1,,
1420540,藤沢市大庭,ふじさわしおおば,1420500,1,,
1420541,藤沢市打戻,ふじさわしうちもどり,1420500,1,,
1420542,藤沢市長後,ふじさわしちょうご,1420500,1,,
1420544,藤沢市辻堂西海岸,ふじさわしつじどうにしかいがん,1420500,1,,
1420700,茅ヶ崎市茅ヶ崎,ちがさきしちがさき,1420700,1,1,
1420830,逗子市桜山,ずししさくらやま,1420800,1,,
1421020,三浦市城山町,みうらししろやまちょう,1421000,1,,
1421332,大和市下鶴間,やまとししもつるま,1421300,1,,
1421530,海老名市大谷,えびなしおおや,1421500,1,,
1421631,座間市相武台,ざましそうぶだい,1421600,1,,
1421831,綾瀬市深谷中,あやせしふかやなか,1421800,1,,
1430130,葉山町堀内,はやままちほりうち,1430100,1,,
1432130,寒川町宮山,さむかわまちみややま,1432100,1,,
1434131,大磯町月京,おおいそまちがっきょう,1434100,1,,
1434230,二宮町中里,にのみやまちなかざと,1434200,1,,
1415100,相模原緑区若柳,さがみはらみどりくわかやなぎ,1415100,1,1,
1415120,相模原緑区大島,さがみはらみどりくおおしま,1415100,1,,
1415121,相模原緑区小渕,さがみはらみどりくおぶち,1415100,1,,
1415130,相模原緑区中野,さがみはらみどりくなかの,1415100,1,,
1415131,相模原緑区与瀬,さがみはらみどりくよせ,1415100,1,,
1415133,相模原緑区久保沢,さがみはらみどりくくぼさわ,1415100,1,,
1415141,相模原緑区橋本,さがみはらみどりくはしもと,1415100,1,,
1415200,相模原中央区中央,さがみはらちゅうおうくちゅうおう,1415200,1,1,
1415241,相模原中央区上溝,さがみはらちゅうおうくかみみぞ,1415200,1,,
1415243,相模原中央区水郷田名,さがみはらちゅうおうくすいごうたな,1415200,1,,
1415341,相模原南区磯部,さがみはらみなみくいそべ,1415300,1,,
1420600,小田原市久野,おだわらしくの,1420600,1,1,
1420621,小田原市荻窪,おだわらしおぎくぼ,1420600,1,,
1421100,秦野市曽屋,はだのしそや,1421100,1,1,
1421120,秦野市平沢,はだのしひらさわ,1421100,1,,
1421220,厚木市中町,あつぎしなかちょう,1421200,1,,
1421248,厚木市下津古久,あつぎししもつこく,1421200,1,,
1421432,伊勢原市伊勢原,いせはらしいせはら,1421400,1,,
1421731,南足柄市関本,みなみあしがらしせきもと,1421700,1,,
1436131,中井町比奈窪,なかいまちひなくぼ,1436100,1,,
1436230,神奈川大井町金子,かながわおおいまちかねこ,1436200,1,,
1436330,松田町松田惣領,まつだまちまつだそうりょう,1436300,1,,
1436420,山北町山北,やまきたまちやまきた,1436400,1,,
1436631,開成町延沢,かいせいまちのぶさわ,1436600,1,,
1438230,箱根町湯本,はこねまちゆもと,1438200,1,,
1438331,真鶴町岩,まなづるまちいわ,1438300,1,,
1438401,湯河原町中央,ゆがわらまちちゅうおう,1438400,1,1,
1440131,愛川町角田,あいかわまちすみだ,1440100,1,,
1440230,清川村煤ヶ谷,きよかわむらすすがや,1440200,1,,
1521600,糸魚川市一の宮,いといがわしいちのみや,1521600,1,1,
1521620,糸魚川市大野,いといがわしおおの,1521600,1,,
1521632,糸魚川市青海,いといがわしおうみ,1521600,1,,
1521633,糸魚川市能生,いといがわしのう,1521600,1,,
1521720,妙高市田町,みょうこうしたまち,1521700,1,,
1521733,妙高市栄町,みょうこうしさかえちょう,1521700,1,,
1521734,妙高市関山,みょうこうしせきやま,1521700,1,,
1521735,妙高市田口,みょうこうしたぐち,1521700,1,,
1522201,上越市中ノ俣,じょうえつしなかのまた,1522200,1,1,
1522202,上越市大手町,じょうえつしおおてまち,1522200,1,1,
1522230,上越市木田,じょうえつしきだ,1522200,1,,
1522231,上越市安塚区安塚,じょうえつしやすづかくやすづか,1522200,1,,
1522232,上越市浦川原区釜淵,じょうえつしうらがわらくかまぶち,1522200,1,,
1522234,上越市牧区柳島,じょうえつしまきくやなぎしま,1522200,1,,
1522235,上越市柿崎区柿崎,じょうえつしかきざきくかきざき,1522200,1,,
1522236,上越市大潟区土底浜,じょうえつしおおがたくどそこはま,1522200,1,,
1522237,上越市頸城区百間町,じょうえつしくびきくひゃくけんまち,1522200,1,,
1522238,上越市吉川区原之町,じょうえつしよしかわくはらのまち,1522200,1,,
1522239,上越市中郷区藤沢,じょうえつしなかごうくふじさわ,1522200,1,,
1522241,上越市清里区荒牧,じょうえつしきよさとくあらまき,1522200,1,,
1522242,上越市三和区井ノ口,じょうえつしさんわくいのくち,1522200,1,,
1522244,上越市大島区岡,じょうえつしおおしまくおか,1522200,1,,
1522245,上越市板倉区針,じょうえつしいたくらくはり,1522200,1,,
1522246,上越市名立区名立大町,じょうえつしなだちくなだちおおまち,1522200,1,,
1520200,長岡市幸町,ながおかしさいわいちょう,1520200,1,1,
1520220,長岡市寺泊一里塚,ながおかしてらどまりいちりづか,1520200,1,,
1520221,長岡市千手,ながおかしせんじゅ,1520200,1,,
1520231,長岡市浦,ながおかしうら,1520200,1,,
1520232,長岡市上岩井,ながおかしかみいわい,1520200,1,,
1520234,長岡市小国町法坂,ながおかしおぐにまちほうざか,1520200,1,,
1520237,長岡市小島谷,ながおかしおじまや,1520200,1,,
1520240,長岡市山古志竹沢,ながおかしやまこしたけざわ,1520200,1,,
1520241,長岡市金町,ながおかしかねまち,1520200,1,,
1520242,長岡市寺泊敦ケ曽根,ながおかしてらどまりつるがそね,1520200,1,,
1520243,長岡市寺泊烏帽子平,ながおかしてらどまりえぼしだいら,1520200,1,,
1520244,長岡市東川口,ながおかしひがしかわぐち,1520200,1,,
1520245,長岡市中之島,ながおかしなかのしま,1520200,1,,
1520247,長岡市与板町与板,ながおかしよいたまちよいた,1520200,1,,
1520431,三条市西裏館,さんじょうしにしうらだて,1520400,1,,
1520432,三条市荻堀,さんじょうしおぎぼり,1520400,1,,
1520433,三条市新堀,さんじょうしにいぼり,1520400,1,,
1520534,柏崎市西山町池浦,かしわざきしにしやまちょういけうら,1520500,1,,
1520536,柏崎市高柳町岡野町,かしわざきしたかやなぎちょうおかのまち,1520500,1,,
1520537,柏崎市日石町,かしわざきしにっせきちょう,1520500,1,,
1520800,小千谷市城内,おぢやしじょうない,1520800,1,1,
1520821,小千谷市旭町,おぢやしあさひちょう,1520800,1,,
1520930,加茂市幸町,かもしさいわいちょう,1520900,1,,
1521021,十日町市下条,とおかまちしげじょう,1521000,1,,
1521031,十日町市千歳町,とおかまちしちとせちょう,1521000,1,,
1521037,十日町市上山,とおかまちしうわやま,1521000,1,,
1521039,十日町市松代,とおかまちしまつだい,1521000,1,,
1521040,十日町市水口沢,とおかまちしみなくちざわ,1521000,1,,
1521041,十日町市松之山,とおかまちしまつのやま,1521000,1,,
1521131,見附市昭和町,みつけししょうわまち,1521100,1,,
1522501,魚沼市下折立,うおぬまししもおりたて,1522500,1,1,
1522533,魚沼市今泉,うおぬましいまいずみ,1522500,1,,
1522536,魚沼市堀之内,うおぬましほりのうち,1522500,1,,
1522537,魚沼市須原,うおぬましすはら,1522500,1,,
1522538,魚沼市穴沢,うおぬましあなざわ,1522500,1,,
1522539,魚沼市小出島,うおぬましこいでじま,1522500,1,,
1522540,魚沼市大沢,うおぬましおおさわ,1522500,1,,
1522600,南魚沼市六日町,みなみうおぬましむいかまち,1522600,1,1,
1522620,南魚沼市塩沢小学校,みなみうおぬまししおざわしょうがっこう,1522600,1,,
1522630,南魚沼市浦佐,みなみうおぬましうらさ,1522600,1,,
1522632,南魚沼市塩沢庁舎,みなみうおぬまししおざわちょうしゃ,1522600,1,,
1536130,田上町原ケ崎新田,たがみまちはらがさきしんでん,1536100,1,,
1540500,出雲崎町米田,いずもざきまちこめだ,1540500,1,1,
1540530,出雲崎町川西,いずもざきまちかわにし,1540500,1,,
1546130,湯沢町神立,ゆざわまちかんだつ,1546100,1,,
1548231,津南町下船渡,つなんまちしもふなと,1548200,1,,
1550433,刈羽村割町新田,かりわむらわりまちしんでん,1550400,1,,
1510131,新潟北区東栄町,にいがたきたくとうえいちょう,1510100,1,,
1510200,新潟空港,にいがたくうこう,1510200,1,1,
1510231,新潟東区下木戸,にいがたひがしくしもきど,1510200,1,,
1510301,新潟中央区美咲町,にいがたちゅうおうくみさきちょう,1510300,1,1,
1510320,新潟中央区関屋,にいがたちゅうおうくせきや,1510300,1,,
1510331,新潟中央区新潟市役所,にいがたちゅうおうくにいがたしやくしょ,1510300,1,,
1510430,新潟江南区泉町,にいがたこうなんくいずみちょう,1510400,1,,
1510500,新潟秋葉区程島,にいがたあきはくほどじま,1510500,1,1,
1510520,新潟秋葉区新津東町,にいがたあきはくにいつひがしちょう,1510500,1,,
1510630,新潟南区白根,にいがたみなみくしろね,1510600,1,,
1510731,新潟西区寺尾東,にいがたにしくてらおひがし,1510700,1,,
1510800,新潟西蒲区役所,にいがたにしかんくやくしょ,1510800,1,1,
1510820,新潟西蒲区巻甲,にいがたにしかんくまきこう,1510800,1,,
1520620,新発田市本町,しばたしほんちょう,1520600,1,,
1520631,新発田市乙次,しばたしおとじ,1520600,1,,
1520633,新発田市住田,しばたしすみだ,1520600,1,,
1520635,新発田市中央町,しばたしちゅうおうちょう,1520600,1,,
1520636,新発田市真野原外,しばたしまのはらそと,1520600,1,,
1521200,村上市塩町,むらかみししおまち,1521200,1,1,
1521220,村上市片町,むらかみしかたまち,1521200,1,,
1521221,村上市寒川,むらかみしかんがわ,1521200,1,,
1521231,村上市三之町,むらかみしさんのちょう,1521200,1,,
1521232,村上市山口,むらかみしやまぐち,1521200,1,,
1521236,村上市岩船駅前,むらかみしいわふねえきまえ,1521200,1,,
1521237,村上市府屋,むらかみしふや,1521200,1,,
1521238,村上市岩沢,むらかみしいわさわ,1521200,1,,
1521336,燕市秋葉町,つばめしあきばちょう,1521300,1,,
1521338,燕市吉田西太田,つばめしよしだにしおおた,1521300,1,,
1521339,燕市分水桜町,つばめしぶんすいさくらまち,1521300,1,,
1521801,五泉市村松乙,ごせんしむらまつおつ,1521800,1,1,
1521821,五泉市愛宕甲,ごせんしあたごこう,1521800,1,,
1521830,五泉市太田,ごせんしおおた,1521800,1,,
1522300,阿賀野市畑江,あがのしはたえ,1522300,1,1,
1522330,阿賀野市岡山町,あがのしおかやまちょう,1522300,1,,
1522333,阿賀野市山崎,あがのしやまざき,1522300,1,,
1522335,阿賀野市姥ヶ橋,あがのしうばがはし,1522300,1,,
1522336,阿賀野市かがやき,あがのしかがやき,1522300,1,,
1522700,胎内市新和町,たいないししんわちょう,1522700,1,1,
1522720,胎内市大川町,たいないしおおかわちょう,1522700,1,,
1522731,胎内市黒川,たいないしくろかわ,1522700,1,,
1530731,聖籠町諏訪山,せいろうまちすわやま,1530700,1,,
1534231,弥彦村矢作,やひこむらやはぎ,1534200,1,,
1538520,阿賀町鹿瀬中学校,あがまちかのせちゅうがっこう,1538500,1,,
1538531,阿賀町鹿瀬支所,あがまちかのせししょ,1538500,1,,
1538532,阿賀町豊川,あがまちとよかわ,1538500,1,,
1538533,阿賀町白崎,あがまちしろさき,1538500,1,,
1538534,阿賀町津川,あがまちつがわ,1538500,1,,
1558131,関川村下関,せきかわむらしもせき,1558100,1,,
1558600,粟島浦村笹畑,あわしまうらむらささばたけ,1558600,1,1,
1558631,粟島浦村日ノ見山,あわしまうらむらひのみやま,1558600,1,,
1522401,佐渡市相川金山,さどしあいかわきんざん,1522400,1,1,
1522402,佐渡市相川三町目,さどしあいかわさんちょうめ,1522400,1,1,
1522420,佐渡市岩谷口,さどしいわやぐち,1522400,1,,
1522421,佐渡市両津湊,さどしりょうつみなと,1522400,1,,
1522424,佐渡市松ヶ崎,さどしまつがさき,1522400,1,,
1522430,佐渡市千種,さどしちぐさ,1522400,1,,
1522433,佐渡市河原田本町,さどしかわはらだほんまち,1522400,1,,
1522435,佐渡市畑野,さどしはたの,1522400,1,,
1522438,佐渡市羽茂本郷,さどしはもちほんごう,1522400,1,,
1522440,佐渡市真野新町,さどしまのしんまち,1522400,1,,
1522441,佐渡市赤泊,さどしあかどまり,1522400,1,,
1522443,佐渡市相川栄町,さどしあいかわさかえまち,1522400,1,,
1522445,佐渡市両津支所,さどしりょうつししょ,1522400,1,,
1522446,佐渡市新穂瓜生屋,さどしにいぼうりゅうや,1522400,1,,
1522447,佐渡市小木町,さどしおぎまち,1522400,1,,
1620100,富山市石坂,とやましいしさか,1620100,1,1,
1620102,富山市八尾町福島,とやましやつおまちふくじま,1620100,1,1,
1620123,富山市今泉,とやましいまいずみ,1620100,1,,
1620130,富山市新桜町,とやまししんさくらまち,1620100,1,,
1620133,富山市婦中町笹倉,とやましふちゅうまちささくら,1620100,1,,
1620136,富山市花崎,とやましはなさき,1620100,1,,
1620137,富山市上二杉,とやましかみふたすぎ,1620100,1,,
1620138,富山市山田湯,とやましやまだゆ,1620100,1,,
1620139,富山市楡原,とやましにれはら,1620100,1,,
1620400,魚津市釈迦堂,うおづししゃかどう,1620400,1,1,
1620420,魚津市本江,うおづしほんごう,1620400,1,,
1620630,滑川市寺家町,なめりかわしじけまち,1620600,1,,
1620720,黒部市宇奈月町下立,くろべしうなづきまちおりたて,1620700,1,,
1620732,黒部市植木,くろべしうえき,1620700,1,,
1632130,舟橋村仏生寺,ふなはしむらぶっしょうじ,1632100,1,,
1632231,上市町稗田,かみいちまちひえだ,1632200,1,,
1632300,立山町吉峰,たてやままちよしみね,1632300,1,1,
1632320,立山町芦峅寺,たてやままちあしくらじ,1632300,1,,
1632330,立山町米沢,たてやままちよねざわ,1632300,1,,
1634230,入善町入膳,にゅうぜんまちにゅうぜん,1634200,1,,
1634300,富山朝日町道下,とやまあさひまちどうげ,1634300,1,1,
1634320,富山朝日町境,とやまあさひまちさかい,1634300,1,,
1620200,高岡市伏木,たかおかしふしき,1620200,1,1,
1620232,高岡市広小路,たかおかしひろこうじ,1620200,1,,
1620233,高岡市福岡町,たかおかしふくおかまち,1620200,1,,
1620531,氷見市加納,ひみしかのう,1620500,1,,
1620830,砺波市栄町,となみしさかえまち,1620800,1,,
1620832,砺波市庄川町,となみししょうがわまち,1620800,1,,
1620901,小矢部市泉町,おやべしいずみちょう,1620900,1,1,
1620920,小矢部市水牧,おやべしみずまき,1620900,1,,
1621001,南砺市天池,なんとしあまいけ,1621000,1,1,
1621020,南砺市荒木,なんとしあらき,1621000,1,,
1621021,南砺市利賀村上百瀬,なんとしとがむらかみももせ,1621000,1,,
1621030,南砺市城端,なんとしじょうはな,1621000,1,,
1621031,南砺市下梨,なんとししもなし,1621000,1,,
1621032,南砺市上平細島,なんとしかみたいらほそじま,1621000,1,,
1621034,南砺市井波,なんとしいなみ,1621000,1,,
1621036,南砺市苗島,なんとしのじま,1621000,1,,
1621037,南砺市蛇喰,なんとしじゃばみ,1621000,1,,
1621121,射水市久々湊,いみずしくぐみなと,1621100,1,,
1621134,射水市小島,いみずしこじま,1621100,1,,
1621135,射水市本町,いみずしほんまち,1621100,1,,
1621136,射水市橋下条,いみずしはしげじょう,1621100,1,,
1621137,射水市二口,いみずしふたくち,1621100,1,,
1621138,射水市加茂中部,いみずしかもちゅうぶ,1621100,1,,
1720200,七尾市本府中町,ななおしもとふちゅうまち,1720200,1,1,
1720220,七尾市袖ヶ江町,ななおしそでがえちょう,1720200,1,,
1720234,七尾市中島町中島,ななおしなかじままちなかじま,1720200,1,,
1720236,七尾市垣吉町,ななおしかきよしまち,1720200,1,,
1720237,七尾市能登島向田町,ななおしのとじまこうだまち,1720200,1,,
1720401,輪島市舳倉島,わじましへぐらじま,1720400,1,1,
1720402,輪島市鳳至町,わじましふげしまち,1720400,1,1,
1720420,輪島市河井町,わじましかわいまち,1720400,1,,
1720431,輪島市門前町走出,わじましもんぜんまちはしりで,1720400,1,,
1720500,珠洲市三崎町,すずしみさきまち,1720500,1,1,
1720520,珠洲市正院町,すずししょういんまち,1720500,1,,
1720521,珠洲市大谷町,すずしおおたにまち,1720500,1,,
1720700,羽咋市柳田町,はくいしやないだまち,1720700,1,1,
1720720,羽咋市旭町,はくいしあさひまち,1720700,1,,
1738400,志賀町富来領家町,しかまちとぎりょうけまち,1738400,1,1,
1738420,志賀町香能,しかまちかのう,1738400,1,,
1738431,志賀町末吉千古,しかまちすえよしせんこ,1738400,1,,
1738633,宝達志水町子浦,ほうだつしみずちょうしお,1738600,1,,
1738634,宝達志水町今浜,ほうだつしみずちょういまはま,1738600,1,,
1740733,中能登町末坂,なかのとまちすえざか,1740700,1,,
1740736,中能登町井田,なかのとまちいだ,1740700,1,,
1740737,中能登町能登部下,なかのとまちのとべしも,1740700,1,,
1746121,穴水町大町,あなみずまちおおまち,1746100,1,,
1746301,能登町宇出津,のとちょううしつ,1746300,1,1,
1746334,能登町柳田,のとちょうやなぎだ,1746300,1,,
1746335,能登町松波,のとちょうまつなみ,1746300,1,,
1720100,金沢市西念,かなざわしさいねん,1720100,1,1,
1720120,金沢市弥生,かなざわしやよい,1720100,1,,
1720300,小松市小馬出町,こまつしこんまでまち,1720300,1,1,
1720320,小松市向本折町,こまつしむかいもとおりまち,1720300,1,,
1720600,加賀市直下町,かがしそそりまち,1720600,1,1,
1720620,加賀市大聖寺南町,かがしだいしょうじみなみちょう,1720600,1,,
1720632,加賀市山中温泉本町,かがしやまなかおんせんほんまち,1720600,1,,
1720921,かほく市浜北,かほくしはまきた,1720900,1,,
1720932,かほく市宇野気,かほくしうのけ,1720900,1,,
1720933,かほく市高松,かほくしたかまつ,1720900,1,,
1721020,白山市別宮町,はくさんしべっくまち,1721000,1,,
1721021,白山市白峰,はくさんししらみね,1721000,1,,
1721030,白山市倉光,はくさんしくらみつ,1721000,1,,
1721036,白山市美川浜町,はくさんしみかわはままち,1721000,1,,
1721037,白山市鶴来本町,はくさんしつるぎほんまち,1721000,1,,
1721038,白山市河内町口直海,はくさんしかわちまちくちのみ,1721000,1,,
1721039,白山市市原,はくさんしいちはら,1721000,1,,
1721040,白山市女原,はくさんしおなばら,1721000,1,,
1721133,能美市中町,のみしなかまち,1721100,1,,
1721135,能美市来丸町,のみしらいまるまち,1721100,1,,
1721136,能美市寺井町,のみしてらいまち,1721100,1,,
1721230,野々市市三納,ののいちしさんのう,1721200,1,,
1732431,川北町壱ツ屋,かわきたまちひとつや,1732400,1,,
1736101,津幡町加賀爪,つばたまちかがつめ,1736100,1,1,
1736531,内灘町大学,うちなだまちだいがく,1736500,1,,
1820100,福井市豊島,ふくいしとよしま,1820100,1,1,
1820121,福井市蒲生町,ふくいしがもうちょう,1820100,1,,
1820122,福井市原目町,ふくいしはらめちょう,1820100,1,,
1820131,福井市美山町,ふくいしみやまちょう,1820100,1,,
1820134,福井市小羽町,ふくいしおばちょう,1820100,1,,
1820137,福井市茱崎町,ふくいしぐみざきちょう,1820100,1,,
1820522,大野市貝皿,おおのしかいざら,1820500,1,,
1820533,大野市天神町,おおのしてんじんちょう,1820500,1,,
1820600,勝山市旭町,かつやましあさひまち,1820600,1,1,
1820731,鯖江市水落町,さばえしみずおちちょう,1820700,1,,
1820832,あわら市市姫,あわらしいちひめ,1820800,1,,
1820833,あわら市国影,あわらしくにかげ,1820800,1,,
1820900,越前市高瀬,えちぜんしたかせ,1820900,1,1,
1820920,越前市村国,えちぜんしむらくに,1820900,1,,
1820932,越前市粟田部,えちぜんしあわたべ,1820900,1,,
1821001,福井坂井市三国町陣ケ岡,ふくいさかいしみくにちょうじんがおか,1821000,1,1,
1821022,福井坂井市三国町中央,ふくいさかいしみくにちょうちゅうおう,1821000,1,,
1821030,福井坂井市丸岡町西里丸岡,ふくいさかいしまるおかちょうにしさとまるおか,1821000,1,,
1821032,福井坂井市坂井町下新庄,ふくいさかいしさかいちょうしもしんじょう,1821000,1,,
1821033,福井坂井市春江町随応寺,ふくいさかいしはるえちょうずいおうじ,1821000,1,,
1832231,永平寺町松岡春日,えいへいじちょうまつおかかすが,1832200,1,,
1832233,永平寺町東古市,えいへいじちょうひがしふるいち,1832200,1,,
1832234,永平寺町山王,えいへいじちょうさんのう,1832200,1,,
1838230,福井池田町稲荷,ふくいいけだちょういなり,1838200,1,,
1840433,南越前町河野,みなみえちぜんちょうこうの,1840400,1,,
1840434,南越前町東大道,みなみえちぜんちょうひがしだいどう,1840400,1,,
1840435,南越前町今庄,みなみえちぜんちょういまじょう,1840400,1,,
1842330,越前町道口,えちぜんちょうみちぐち,1842300,1,,
1842334,越前町織田,えちぜんちょうおた,1842300,1,,
1842335,越前町江波,えちぜんちょうえなみ,1842300,1,,
1842337,越前町西田中,えちぜんちょうにしたなか,1842300,1,,
1820200,敦賀市松栄町,つるがしまつえちょう,1820200,1,1,
1820420,小浜市四谷町,おばましよつやちょう,1820400,1,,
1844200,福井美浜町新庄,ふくいみはまちょうしんじょう,1844200,1,1,
1844230,福井美浜町郷市,ふくいみはまちょうごいち,1844200,1,,
1848101,高浜町宮崎,たかはまちょうみやざき,1848100,1,1,
1848332,福井おおい町名田庄久坂,ふくいおおいちょうなたしょうひささか,1848300,1,,
1848333,福井おおい町本郷,ふくいおおいちょうほんごう,1848300,1,,
1850131,福井若狭町市場,ふくいわかさちょういちば,1850100,1,,
1850132,福井若狭町中央,ふくいわかさちょうちゅうおう,1850100,1,,
1920100,甲府市飯田,こうふしいいだ,1920100,1,1,
1920120,甲府市相生,こうふしあいおい,1920100,1,,
1920133,甲府市古関町,こうふしふるせきまち,1920100,1,,
1920134,甲府市下曽根町,こうふししもそねちょう,1920100,1,,
1920531,山梨市牧丘町窪平,やまなししまきおかちょうくぼだいら,1920500,1,,
1920533,山梨市小原西,やまなししこばらにし,1920500,1,,
1920534,山梨市三富川浦,やまなししみとみかわうら,1920500,1,,
1920730,韮崎市水神,にらさきしすいじん,1920700,1,,
1920820,南アルプス市芦安芦倉,みなみあるぷすしあしやすあしくら,1920800,1,,
1920834,南アルプス市鮎沢,みなみあるぷすしあゆざわ,1920800,1,,
1920835,南アルプス市飯野,みなみあるぷすしいいの,1920800,1,,
1920836,南アルプス市小笠原,みなみあるぷすしおがさわら,1920800,1,,
1920837,南アルプス市榎原,みなみあるぷすしえのきはら,1920800,1,,
1920838,南アルプス市寺部,みなみあるぷすしてらべ,1920800,1,,
1920920,山梨北杜市健康ランド須玉,やまなしほくとしけんこうらんどすたま,1920900,1,,
1920930,山梨北杜市明野町,やまなしほくとしあけのちょう,1920900,1,,
1920932,山梨北杜市高根町,やまなしほくとしたかねちょう,1920900,1,,
1920938,山梨北杜市武川町,やまなしほくとしむかわちょう,1920900,1,,
1920939,山梨北杜市長坂町,やまなしほくとしながさかちょう,1920900,1,,
1920940,山梨北杜市白州町,やまなしほくとしはくしゅうちょう,1920900,1,,
1920941,山梨北杜市役所,やまなしほくとしやくしょ,1920900,1,,
1920942,山梨北杜市大泉町,やまなしほくとしおおいずみちょう,1920900,1,,
1920943,山梨北杜市小淵沢町,やまなしほくとしこぶちさわちょう,1920900,1,,
1921030,甲斐市篠原,かいししのはら,1921000,1,,
1921033,甲斐市下今井,かいししもいまい,1921000,1,,
1921034,甲斐市島上条,かいししまかみじょう,1921000,1,,
1921131,笛吹市一宮町末木,ふえふきしいちのみやちょうすえき,1921100,1,,
1921135,笛吹市境川町藤垈,ふえふきしさかいがわちょうふじぬた,1921100,1,,
1921136,笛吹市御坂町夏目原,ふえふきしみさかちょうなつめばら,1921100,1,,
1921137,笛吹市芦川町中芦川,ふえふきしあしがわちょうなかあしがわ,1921100,1,,
1921139,笛吹市八代町南,ふえふきしやつしろちょうみなみ,1921100,1,,
1921140,笛吹市役所,ふえふきしやくしょ,1921100,1,,
1921141,笛吹市春日居町寺本,ふえふきしかすがいちょうてらもと,1921100,1,,
1921300,甲州市塩山下於曽,こうしゅうしえんざんしもおぞ,1921300,1,1,
1921320,甲州市塩山上於曽,こうしゅうしえんざんかみおぞ,1921300,1,,
1921332,甲州市大和町初鹿野,こうしゅうしやまとちょうはじかの,1921300,1,,
1921333,甲州市役所,こうしゅうしやくしょ,1921300,1,,
1921335,甲州市勝沼町勝沼,こうしゅうしかつぬまちょうかつぬま,1921300,1,,
1921430,中央市大鳥居,ちゅうおうしおおとりい,1921400,1,,
1921431,中央市成島,ちゅうおうしなるしま,1921400,1,,
1921432,中央市臼井阿原,ちゅうおうしうすいあはら,1921400,1,,
1934630,市川三郷町上野,いちかわみさとちょううえの,1934600,1,,
1934631,市川三郷町役場,いちかわみさとちょうやくば,1934600,1,,
1934632,市川三郷町六郷支所,いちかわみさとちょうろくごうししょ,1934600,1,,
1936420,早川町保,はやかわちょうほ,1936400,1,,
1936431,早川町薬袋,はやかわちょうみない,1936400,1,,
1936500,身延町大磯小磯,みのぶちょうおおいそこいそ,1936500,1,1,
1936530,身延町梅平,みのぶちょううめだいら,1936500,1,,
1936532,身延町役場,みのぶちょうやくば,1936500,1,,
1936533,身延町常葉,みのぶちょうときわ,1936500,1,,
1936620,山梨南部町栄小学校,やまなしなんぶちょうさかえしょうがっこう,1936600,1,,
1936630,山梨南部町内船,やまなしなんぶちょううつぶな,1936600,1,,
1936631,山梨南部町福士,やまなしなんぶちょうふくし,1936600,1,,
1936832,富士川町鰍沢,ふじかわちょうかじかざわ,1936800,1,,
1936833,富士川町天神中条,ふじかわちょうてんじんなかじょう,1936800,1,,
1938430,昭和町押越,しょうわちょうおしこし,1938400,1,,
1920221,富士吉田市上吉田,ふじよしだしかみよしだ,1920200,1,,
1920232,富士吉田市下吉田,ふじよしだししもよしだ,1920200,1,,
1920431,都留市上谷,つるしかみや,1920400,1,,
1920601,大月市大月,おおつきしおおつき,1920600,1,1,
1920621,大月市御太刀,おおつきしみたち,1920600,1,,
1920631,大月市役所,おおつきしやくしょ,1920600,1,,
1921202,上野原市四方津,うえのはらししおつ,1921200,1,1,
1921232,上野原市秋山,うえのはらしあきやま,1921200,1,,
1921233,上野原市役所,うえのはらしやくしょ,1921200,1,,
1942232,道志村釜之前,どうしむらかまのまえ,1942200,1,,
1942331,西桂町小沼,にしかつらちょうおぬま,1942300,1,,
1942432,忍野村忍草,おしのむらしぼくさ,1942400,1,,
1942531,山中湖村山中,やまなかこむらやまなか,1942500,1,,
1942932,鳴沢村役場,なるさわむらやくば,1942900,1,,
1943002,富士河口湖町船津,ふじかわぐちこまちふなつ,1943000,1,1,
1943021,富士河口湖町本栖,ふじかわぐちこまちもとす,1943000,1,,
1943034,富士河口湖町勝山,ふじかわぐちこまちかつやま,1943000,1,,
1943036,富士河口湖町役場,ふじかわぐちこまちやくば,1943000,1,,
1943037,富士河口湖町長浜,ふじかわぐちこまちながはま,1943000,1,,
1944233,小菅村小菅小学校,こすげむらこすげしょうがっこう,1944200,1,,
1944321,丹波山村丹波,たばやまむらたば,1944300,1,,
2020100,長野市箱清水,ながのしはこしみず,2020100,1,1,
2020102,長野市松代,ながのしまつしろ,2020100,1,1,
2020120,長野市鶴賀緑町,ながのしつるがみどりちょう,2020100,1,,
2020130,長野市戸隠,ながのしとがくし,2020100,1,,
2020131,長野市鬼無里,ながのしきなさ,2020100,1,,
2020134,長野市豊野町豊野,ながのしとよのまちとよの,2020100,1,,
2020135,長野市大岡,ながのしおおおか,2020100,1,,
2020137,長野市信州新町新町,ながのししんしゅうしんまちしんまち,2020100,1,,
2020138,長野市中条,ながのしなかじょう,2020100,1,,
2020730,須坂市須坂,すざかしすざか,2020700,1,,
2021131,中野市豊津,なかのしとよつ,2021100,1,,
2021132,中野市三好町,なかのしみよしちょう,2021100,1,,
2021200,大町市役所,おおまちしやくしょ,2021200,1,1,
2021220,大町市大町図書館,おおまちしおおまちとしょかん,2021200,1,,
2021230,大町市八坂,おおまちしやさか,2021200,1,,
2021240,大町市美麻,おおまちしみあさ,2021200,1,,
2021320,飯山市飯山福寿町,いいやましいいやまふくじゅまち,2021300,1,,
2021831,千曲市上山田温泉,ちくましかみやまだおんせん,2021800,1,,
2021832,千曲市戸倉,ちくましとぐら,2021800,1,,
2021834,千曲市杭瀬下,ちくましくいせけ,2021800,1,,
2048130,長野池田町池田,ながのいけだまちいけだ,2048100,1,,
2048230,松川村役場,まつかわむらやくば,2048200,1,,
2048520,白馬村北城,はくばむらほくじょう,2048500,1,,
2048630,小谷村中小谷,おたりむらなかおたり,2048600,1,,
2052130,坂城町坂城,さかきまちさかき,2052100,1,,
2054130,小布施町小布施,おぶせまちおぶせ,2054100,1,,
2054331,長野高山村高井,ながのたかやまむらたかい,2054300,1,,
2056100,山ノ内町平穏,やまのうちまちひらお,2056100,1,1,
2056120,山ノ内町消防署,やまのうちまちしょうぼうしょ,2056100,1,,
2056231,木島平村往郷,きじまだいらむらおうごう,2056200,1,,
2056330,野沢温泉村豊郷,のざわおんせんむらとよさと,2056300,1,,
2058320,信濃町柏原東裏,しなのまちかしわばらひがしうら,2058300,1,,
2058830,小川村高府,おがわむらたかふ,2058800,1,,
2059032,飯綱町芋川,いいづなまちいもがわ,2059000,1,,
2059033,飯綱町牟礼,いいづなまちむれ,2059000,1,,
2060230,栄村北信,さかえむらほくしん,2060200,1,,
2060240,栄村小赤沢,さかえむらこあかさわ,2060200,1,,
2020201,松本市沢村,まつもとしさわむら,2020200,1,1,
2020220,松本市美須々,まつもとしみすず,2020200,1,,
2020221,松本市安曇,まつもとしあづみ,2020200,1,,
2020231,松本市会田,まつもとしあいだ,2020200,1,,
2020233,松本市梓川梓,まつもとしあずさがわあずさ,2020200,1,,
2020234,松本市丸の内,まつもとしまるのうち,2020200,1,,
2020235,松本市波田,まつもとしはた,2020200,1,,
2020236,松本市奈川,まつもとしながわ,2020200,1,,
2020240,松本市寿,まつもとしことぶき,2020200,1,,
2020301,上田市築地,うえだしついじ,2020300,1,1,
2020321,上田市大手,うえだしおおて,2020300,1,,
2020330,上田市上丸子,うえだしかみまるこ,2020300,1,,
2020332,上田市真田町長,うえだしさなだまちおさ,2020300,1,,
2020333,上田市下武石,うえだししもたけし,2020300,1,,
2020431,岡谷市幸町,おかやしさいわいちょう,2020400,1,,
2020600,諏訪市湖岸通り,すわしこがんどおり,2020600,1,1,
2020630,諏訪市高島,すわしたかしま,2020600,1,,
2020820,小諸市小諸消防署,こもろしこもろしょうぼうしょ,2020800,1,,
2020831,小諸市文化センター,こもろしぶんかせんたー,2020800,1,,
2021432,茅野市葛井公園,ちのしくずいこうえん,2021400,1,,
2021520,塩尻市楢川保育園,しおじりしならかわほいくえん,2021500,1,,
2021530,塩尻市広丘高出,しおじりしひろおかたかいで,2021500,1,,
2021532,塩尻市木曽平沢,しおじりしきそひらさわ,2021500,1,,
2021700,佐久市下小田切,さくししもおたぎり,2021700,1,1,
2021733,佐久市中込,さくしなかごみ,2021700,1,,
2021735,佐久市望月,さくしもちづき,2021700,1,,
2021736,佐久市臼田,さくしうすだ,2021700,1,,
2021737,佐久市甲,さくしこう,2021700,1,,
2021930,東御市県,とうみしあがた,2021900,1,,
2021931,東御市大日向,とうみしおおひなた,2021900,1,,
2022001,安曇野市穂高支所,あづみのしほたかししょ,2022000,1,1,
2022020,安曇野市穂高福祉センター,あづみのしほたかふくしせんたー,2022000,1,,
2022033,安曇野市堀金,あづみのしほりがね,2022000,1,,
2022034,安曇野市明科,あづみのしあかしな,2022000,1,,
2022035,安曇野市豊科,あづみのしとよしな,2022000,1,,
2022036,安曇野市三郷,あづみのしみさと,2022000,1,,
2030320,小海町豊里,こうみまちとよさと,2030300,1,,
2030430,長野川上村大深山,ながのかわかみむらおおみやま,2030400,1,,
2030530,長野南牧村海ノ口,ながのみなみまきむらうみのくち,2030500,1,,
2030630,南相木村見上,みなみあいきむらみあげ,2030600,1,,
2030730,北相木村役場,きたあいきむらやくば,2030700,1,,
2030932,佐久穂町高野町,さくほまちたかのまち,2030900,1,,
2032101,軽井沢町追分,かるいざわまちおいわけ,2032100,1,1,
2032130,軽井沢町長倉,かるいざわまちながくら,2032100,1,,
2032331,御代田町役場,みよたまちやくば,2032300,1,,
2032432,立科町芦田,たてしなまちあしだ,2032400,1,,
2034930,青木村田沢青木,あおきむらたざわあおき,2034900,1,,
2035020,長和町古町,ながわまちふるまち,2035000,1,,
2035030,長和町和田,ながわまちわだ,2035000,1,,
2036130,下諏訪町役場,しもすわまちやくば,2036100,1,,
2036230,富士見町落合,ふじみまちおちあい,2036200,1,,
2036330,原村役場,はらむらやくば,2036300,1,,
2044630,麻績村麻,おみむらお,2044600,1,,
2044830,生坂村役場,いくさかむらやくば,2044800,1,,
2045030,山形村役場,やまがたむらやくば,2045000,1,,
2045131,朝日村役場,あさひむらやくば,2045100,1,,
2045201,筑北村坂井,ちくほくむらさかい,2045200,1,1,
2045230,筑北村西条,ちくほくむらにしじょう,2045200,1,,
2045231,筑北村坂北,ちくほくむらさかきた,2045200,1,,
2020502,飯田市高羽町,いいだしたかはちょう,2020500,1,1,
2020520,飯田市上郷黒田,いいだしかみさとくろだ,2020500,1,,
2020533,飯田市大久保町,いいだしおおくぼちょう,2020500,1,,
2020534,飯田市上村,いいだしかみむら,2020500,1,,
2020535,飯田市南信濃,いいだしみなみしなの,2020500,1,,
2020900,伊那市高遠町荊口,いなしたかとおまちばらぐち,2020900,1,1,
2020920,伊那市下新田,いなししもしんでん,2020900,1,,
2020930,伊那市高遠町西高遠,いなしたかとおまちにしたかとお,2020900,1,,
2020931,伊那市長谷溝口,いなしはせみぞくち,2020900,1,,
2021020,駒ヶ根市赤須町,こまがねしあかずまち,2021000,1,,
2038200,辰野町中央,たつのまちちゅうおう,2038200,1,1,
2038330,箕輪町中箕輪,みのわまちなかみのわ,2038300,1,,
2038401,飯島町飯島,いいじままちいいじま,2038400,1,1,
2038530,南箕輪村役場,みなみみのわむらやくば,2038500,1,,
2038630,中川村大草,なかがわむらおおくさ,2038600,1,,
2038830,宮田村役場,みやだむらやくば,2038800,1,,
2040230,松川町元大島,まつかわまちもとおおじま,2040200,1,,
2040330,長野高森町下市田,ながのたかもりまちしもいちだ,2040300,1,,
2040430,阿南町東條,あなんちょうひがしじょう,2040400,1,,
2040730,阿智村駒場,あちむらこまば,2040700,1,,
2040731,阿智村浪合,あちむらなみあい,2040700,1,,
2040733,阿智村清内路,あちむらせいないじ,2040700,1,,
2040931,平谷村役場,ひらやむらやくば,2040900,1,,
2041032,根羽村役場,ねばむらやくば,2041000,1,,
2041130,下條村睦沢,しもじょうむらむつざわ,2041100,1,,
2041231,売木村役場,うるぎむらやくば,2041200,1,,
2041321,天龍村清水,てんりゅうむらしみず,2041300,1,,
2041330,天龍村平岡,てんりゅうむらひらおか,2041300,1,,
2041400,泰阜村梨久保,やすおかむらなしくぼ,2041400,1,1,
2041431,泰阜村役場,やすおかむらやくば,2041400,1,,
2041530,喬木村役場,たかぎむらやくば,2041500,1,,
2041630,豊丘村神稲,とよおかむらくましろ,2041600,1,,
2041720,大鹿村大河原,おおしかむらおおかわら,2041700,1,,
2042231,上松町役場,あげまつまちやくば,2042200,1,,
2042320,南木曽町読書小学校,なぎそまちよみかきしょうがっこう,2042300,1,,
2042330,南木曽町役場,なぎそまちやくば,2042300,1,,
2042531,木祖村薮原,きそむらやぶはら,2042500,1,,
2042920,王滝村鈴ヶ沢,おうたきむらすずがさわ,2042900,1,,
2042930,王滝村役場,おうたきむらやくば,2042900,1,,
2043031,大桑村長野,おおくわむらながの,2043000,1,,
2043220,木曽町新開,きそまちしんかい,2043200,1,,
2043232,木曽町開田高原西野,きそまちかいだこうげんにしの,2043200,1,,
2043233,木曽町三岳,きそまちみたけ,2043200,1,,
2043235,木曽町日義,きそまちひよし,2043200,1,,
2043236,木曽町福島,きそまちふくしま,2043200,1,,
2120301,高山市丹生川町森部,たかやましにゅうかわちょうもりぶ,2120300,1,1,
2120302,高山市桐生町,たかやましきりうまち,2120300,1,1,
2120320,高山市消防署,たかやまししょうぼうしょ,2120300,1,,
2120321,高山市奥飛騨温泉郷栃尾,たかやましおくひだおんせんごうとちお,2120300,1,,
2120330,高山市丹生川町坊方,たかやましにゅうかわちょうぼうかた,2120300,1,,
2120333,高山市一之宮町,たかやましいちのみやまち,2120300,1,,
2120335,高山市朝日町,たかやましあさひちょう,2120300,1,,
2120339,高山市荘川町,たかやまししょうかわちょう,2120300,1,,
2120340,高山市清見町,たかやましきよみちょう,2120300,1,,
2120342,高山市高根町,たかやましたかねまち,2120300,1,,
2120343,高山市国府町,たかやましこくふちょう,2120300,1,,
2120344,高山市上宝町本郷,たかやましかみたからちょうほんごう,2120300,1,,
2120345,高山市久々野町,たかやましくぐのちょう,2120300,1,,
2121701,飛騨市神岡町殿,ひだしかみおかちょうとの,2121700,1,1,
2121720,飛騨市河合町元田,ひだしかわいちょうげんだ,2121700,1,,
2121730,飛騨市古川町,ひだしふるかわちょう,2121700,1,,
2121731,飛騨市河合町角川,ひだしかわいちょうつのがわ,2121700,1,,
2121735,飛騨市宮川町,ひだしみやがわちょう,2121700,1,,
2121736,飛騨市神岡町東町,ひだしかみおかちょうひがしまち,2121700,1,,
2122000,下呂市森,げろしもり,2122000,1,1,
2122021,下呂市下呂小学校,げろしげろしょうがっこう,2122000,1,,
2122031,下呂市小坂町,げろしおさかちょう,2122000,1,,
2122032,下呂市金山町,げろしかなやまちょう,2122000,1,,
2122033,下呂市馬瀬,げろしまぜ,2122000,1,,
2122034,下呂市萩原町,げろしはぎわらちょう,2122000,1,,
2160430,白川村鳩谷,しらかわむらはとがや,2160400,1,,
2120430,多治見市三笠町,たじみしみかさちょう,2120400,1,,
2120431,多治見市笠原町,たじみしかさはらちょう,2120400,1,,
2120600,中津川市かやの木町,なかつがわしかやのきちょう,2120600,1,1,
2120620,中津川市本町,なかつがわしほんまち,2120600,1,,
2120621,中津川市小栗山,なかつがわしこぐりやま,2120600,1,,
2120630,中津川市坂下,なかつがわしさかした,2120600,1,,
2120632,中津川市加子母,なかつがわしかしも,2120600,1,,
2120634,中津川市福岡,なかつがわしふくおか,2120600,1,,
2120637,中津川市川上,なかつがわしかわうえ,2120600,1,,
2120638,中津川市付知町,なかつがわしつけちちょう,2120600,1,,
2120639,中津川市蛭川,なかつがわしひるかわ,2120600,1,,
2120640,中津川市山口,なかつがわしやまぐち,2120600,1,,
2120831,瑞浪市上平町,みずなみしうえだいらちょう,2120800,1,,
2121020,恵那市長島小学校,えなしおさしましょうがっこう,2121000,1,,
2121031,恵那市岩村町,えなしいわむらちょう,2121000,1,,
2121033,恵那市明智町,えなしあけちちょう,2121000,1,,
2121035,恵那市上矢作町,えなしかみやはぎちょう,2121000,1,,
2121036,恵那市山岡町,えなしやまおかちょう,2121000,1,,
2121037,恵那市串原,えなしくしはら,2121000,1,,
2121038,恵那市長島町,えなしおさしまちょう,2121000,1,,
2121100,美濃加茂市太田町,みのかもしおおたちょう,2121100,1,1,
2121120,美濃加茂市西町,みのかもしにしまち,2121100,1,,
2121220,土岐市泉町,ときしいずみちょう,2121200,1,,
2121230,土岐市肥田,ときしひだ,2121200,1,,
2121430,可児市広見,かにしひろみ,2121400,1,,
2121432,可児市兼山,かにしかねやま,2121400,1,,
2150130,坂祝町取組,さかほぎちょうとりくみ,2150100,1,,
2150230,富加町滝田,とみかちょうたきだ,2150200,1,,
2150331,川辺町中川辺,かわべちょうなかかわべ,2150300,1,,
2150430,七宗町上麻生,ひちそうちょうかみあそう,2150400,1,,
2150530,八百津町八百津,やおつちょうやおつ,2150500,1,,
2150600,白川町黒川,しらかわちょうくろかわ,2150600,1,1,
2150630,白川町河岐,しらかわちょうかわまた,2150600,1,,
2150730,東白川村神土,ひがししらかわむらかんど,2150700,1,,
2152130,御嵩町御嵩,みたけちょうみたけ,2152100,1,,
2120100,岐阜市加納二之丸,ぎふしかのうにのまる,2120100,1,1,
2120121,岐阜市京町,ぎふしきょうまち,2120100,1,,
2120130,岐阜市柳津町,ぎふしやないづちょう,2120100,1,,
2120231,大垣市上石津町,おおがきしかみいしづちょう,2120200,1,,
2120233,大垣市墨俣町,おおがきしすのまたちょう,2120200,1,,
2120234,大垣市丸の内,おおがきしまるのうち,2120200,1,,
2120530,関市若草通り,せきしわかくさどおり,2120500,1,,
2120532,関市板取,せきしいたどり,2120500,1,,
2120533,関市武芸川町,せきしむげがわちょう,2120500,1,,
2120536,関市中之保,せきしなかのほ,2120500,1,,
2120537,関市洞戸市場,せきしほらどいちば,2120500,1,,
2120538,関市上之保,せきしかみのほ,2120500,1,,
2120730,美濃市役所,みのしやくしょ,2120700,1,,
2120932,羽島市竹鼻町,はしましたけはなちょう,2120900,1,,
2121332,各務原市川島河田町,かかみがはらしかわしまこうだまち,2121300,1,,
2121333,各務原市那加桜町,かかみがはらしなかさくらまち,2121300,1,,
2121501,岐阜山県市谷合運動場,ぎふやまがたしたにあいうんどうじょう,2121500,1,1,
2121520,岐阜山県市美山支所,ぎふやまがたしみやまししょ,2121500,1,,
2121531,岐阜山県市大門,ぎふやまがたしだいもん,2121500,1,,
2121532,岐阜山県市高富,ぎふやまがたしたかとみ,2121500,1,,
2121630,瑞穂市別府,みずほしべっぷ,2121600,1,,
2121632,瑞穂市宮田,みずほしみやでん,2121600,1,,
2121830,本巣市文殊,もとすしもんじゅ,2121800,1,,
2121833,本巣市根尾,もとすしねお,2121800,1,,
2121834,本巣市下真桑,もとすししもまくわ,2121800,1,,
2121835,本巣市早野,もとすしはやの,2121800,1,,
2121900,郡上市八幡町島谷,ぐじょうしはちまんちょうしまだに,2121900,1,1,
2121920,郡上市八幡町旭,ぐじょうしはちまんちょうあさひ,2121900,1,,
2121922,郡上市白鳥町長滝,ぐじょうししろとりちょうながたき,2121900,1,,
2121935,郡上市和良町,ぐじょうしわらちょう,2121900,1,,
2121936,郡上市明宝,ぐじょうしめいほう,2121900,1,,
2121937,郡上市大和町,ぐじょうしやまとちょう,2121900,1,,
2121938,郡上市白鳥町白鳥,ぐじょうししろとりちょうしろとり,2121900,1,,
2121939,郡上市高鷲町,ぐじょうしたかすちょう,2121900,1,,
2121940,郡上市美並町,ぐじょうしみなみちょう,2121900,1,,
2122130,海津市海津町,かいづしかいづちょう,2122100,1,,
2122134,海津市南濃町,かいづしなんのうちょう,2122100,1,,
2122135,海津市平田町,かいづしひらたちょう,2122100,1,,
2130232,岐南町八剣,ぎなんちょうやつるぎ,2130200,1,,
2130331,笠松町司町,かさまつちょうつかさまち,2130300,1,,
2134130,養老町高田,ようろうちょうたかだ,2134100,1,,
2136131,垂井町役場,たるいちょうやくば,2136100,1,,
2136231,関ケ原町関ケ原,せきがはらちょうせきがはら,2136200,1,,
2138131,神戸町神戸,ごうどちょうごうど,2138100,1,,
2138230,輪之内町四郷,わのうちちょうよごう,2138200,1,,
2138330,安八町氷取,あんぱちちょうこおりとり,2138300,1,,
2140102,揖斐川町三輪,いびがわちょうみわ,2140100,1,1,
2140120,揖斐川町東杉原,いびがわちょうひがしすぎはら,2140100,1,,
2140121,揖斐川町中籠橋,いびがわちょうなかかごばし,2140100,1,,
2140130,揖斐川町谷汲,いびがわちょうたにぐみ,2140100,1,,
2140133,揖斐川町西横山,いびがわちょうにしよこやま,2140100,1,,
2140134,揖斐川町坂内,いびがわちょうさかうち,2140100,1,,
2140135,揖斐川町春日,いびがわちょうかすが,2140100,1,,
2140136,揖斐川町東津汲,いびがわちょうひがしつくみ,2140100,1,,
2140330,大野町大野,おおのちょうおおの,2140300,1,,
2140430,岐阜池田町六之井,ぎふいけだちょうろくのい,2140400,1,,
2142132,北方町北方,きたがたちょうきたがた,2142100,1,,
2220501,熱海市網代,あたみしあじろ,2220500,1,1,
2220520,熱海市泉,あたみしいずみ,2220500,1,,
2220532,熱海市中央町,あたみしちゅうおうちょう,2220500,1,,
2220800,伊東市大原,いとうしおおはら,2220800,1,1,
2220830,伊東市八幡野,いとうしやわたの,2220800,1,,
2221900,下田市加増野,しもだしかぞうの,2221900,1,1,
2221930,下田市中,しもだしなか,2221900,1,,
2221932,下田市敷根,しもだししきね,2221900,1,,
2222200,伊豆市中伊豆グラウンド,いずしなかいずぐらうんど,2222200,1,,
2222230,伊豆市土肥,いずしとい,2222200,1,,
2222232,伊豆市八幡,いずしはつま,2222200,1,,
2222234,伊豆市湯ケ島,いずしゆがしま,2222200,1,,
2222241,伊豆市小立野,いずしこだちの,2222200,1,,
2222532,伊豆の国市田京,いずのくにしたきょう,2222500,1,,
2222533,伊豆の国市長岡,いずのくにしながおか,2222500,1,,
2230120,東伊豆町奈良本,ひがしいずちょうならもと,2230100,1,,
2230130,東伊豆町稲取,ひがしいずちょういなとり,2230100,1,,
2230230,河津町田中,かわづちょうたなか,2230200,1,,
2230402,南伊豆町石廊崎,みなみいずちょういろうざき,2230400,1,1,
2230420,南伊豆町入間,みなみいずちょういるま,2230400,1,,
2230431,南伊豆町下賀茂,みなみいずちょうしもがも,2230400,1,,
2230520,松崎町江奈,まつざきちょうえな,2230500,1,,
2230531,松崎町宮内,まつざきちょうみやうち,2230500,1,,
2230620,西伊豆町一色,にしいずちょういしき,2230600,1,,
2230630,西伊豆町仁科,にしいずちょうにしな,2230600,1,,
2230632,西伊豆町宇久須,にしいずちょううぐす,2230600,1,,
2232531,函南町平井,かんなみちょうひらい,2232500,1,,
2220321,沼津市西間門,ぬまづしにしまかど,2220300,1,,
2220331,沼津市御幸町,ぬまづしみゆきちょう,2220300,1,,
2220333,沼津市高島本町,ぬまづしたかしまほんちょう,2220300,1,,
2220334,沼津市戸田,ぬまづしへだ,2220300,1,,
2220335,沼津市原,ぬまづしはら,2220300,1,,
2220601,三島市東本町,みしましひがしほんちょう,2220600,1,1,
2220630,三島市大社町,みしましたいしゃちょう,2220600,1,,
2220701,富士宮市弓沢町,ふじのみやしゆみざわちょう,2220700,1,1,
2220721,富士宮市野中,ふじのみやしのなか,2220700,1,,
2220730,富士宮市猪之頭,ふじのみやしいのかしら,2220700,1,,
2220731,富士宮市長貫,ふじのみやしながぬき,2220700,1,,
2221000,富士市富士総合運動公園,ふじしふじそうごううんどうこうえん,2221000,1,1,
2221031,富士市本市場,ふじしもといちば,2221000,1,,
2221032,富士市永田町,ふじしながたちょう,2221000,1,,
2221034,富士市岩渕,ふじしいわぶち,2221000,1,,
2221035,富士市吉永,ふじしよしなが,2221000,1,,
2221036,富士市大淵,ふじしおおぶち,2221000,1,,
2221500,御殿場市萩原,ごてんばしはぎわら,2221500,1,1,
2221521,御殿場市茱萸沢,ごてんばしぐみざわ,2221500,1,,
2221530,御殿場市竈,ごてんばしかまど,2221500,1,,
2222020,裾野市石脇,すそのしいしわき,2222000,1,,
2222030,裾野市佐野,すそのしさの,2222000,1,,
2234131,静岡清水町堂庭,しずおかしみずちょうどうにわ,2234100,1,,
2234230,長泉町中土狩,ながいずみちょうなかとがり,2234200,1,,
2234430,小山町藤曲,おやまちょうふじまがり,2234400,1,,
2234431,小山町須走,おやまちょうすばしり,2234400,1,,
2210120,静岡葵区駒形通,しずおかあおいくこまがたどおり,2210100,1,,
2210121,静岡葵区梅ヶ島,しずおかあおいくうめがしま,2210100,1,,
2210130,静岡葵区追手町県庁,しずおかあおいくおうてまちけんちょう,2210100,1,,
2210131,静岡葵区追手町市役所,しずおかあおいくおうてまちしやくしょ,2210100,1,,
2210201,静岡駿河区曲金,しずおかするがくまがりかね,2210200,1,1,
2210231,静岡駿河区用宗,しずおかするがくもちむね,2210200,1,,
2210300,静岡清水区千歳町,しずおかしみずくちとせちょう,2210300,1,1,
2210321,静岡清水区蒲原新栄,しずおかしみずくかんばらしんえい,2210300,1,,
2210333,静岡清水区由比北田,しずおかしみずくゆいきただ,2210300,1,,
2210334,静岡清水区谷津,しずおかしみずくやつ,2210300,1,,
2220901,島田市川根町家山,しまだしかわねちょういえやま,2220900,1,1,
2220903,島田市元島田,しまだしもとしまだ,2220900,1,1,
2220920,島田市川根町笹間上,しまだしかわねちょうささまかみ,2220900,1,,
2220931,島田市金谷代官町,しまだしかなやだいかんちょう,2220900,1,,
2221231,焼津市宗高,やいづしむなだか,2221200,1,,
2221233,焼津市石津,やいづしいしづ,2221200,1,,
2221430,藤枝市瀬戸新屋,ふじえだしせとあらや,2221400,1,,
2221431,藤枝市岡出山,ふじえだしおかでやま,2221400,1,,
2221432,藤枝市岡部町岡部,ふじえだしおかべちょうおかべ,2221400,1,,
2222600,牧之原市鬼女新田,まきのはらしきじょしんでん,2222600,1,1,
2222620,牧之原市静波,まきのはらししずなみ,2222600,1,,
2242430,吉田町住吉,よしだちょうすみよし,2242400,1,,
2242920,川根本町東藤川,かわねほんちょうひがしふじかわ,2242900,1,,
2242930,川根本町上長尾,かわねほんちょうかみながお,2242900,1,,
2213801,浜松中央区高丘東,はままつちゅうおうくたかおかひがし,2213800,1,1,
2213820,浜松中央区三組町,はままつちゅうおうくみくみちょう,2213800,1,,
2213831,浜松中央区元城町,はままつちゅうおうくもとしろちょう,2213800,1,,
2213832,浜松中央区流通元町,はままつちゅうおうくりゅうつうもとまち,2213800,1,,
2213833,浜松中央区舞阪町,はままつちゅうおうくまいさかちょう,2213800,1,,
2213834,浜松中央区雄踏,はままつちゅうおうくゆうとう,2213800,1,,
2213835,浜松中央区江之島町,はままつちゅうおうくえのしまちょう,2213800,1,,
2213900,浜松浜名区三ヶ日町,はままつはまなくみっかびちょう,2213900,1,1,
2213901,浜松浜名区滝沢町,はままつはまなくたきさわちょう,2213900,1,1,
2213930,浜松浜名区細江町,はままつはまなくほそえちょう,2213900,1,,
2213931,浜松浜名区引佐町,はままつはまなくいなさちょう,2213900,1,,
2213932,浜松浜名区西美薗,はままつはまなくにしみその,2213900,1,,
2214020,浜松天竜区春野町,はままつてんりゅうくはるのちょう,2214000,1,,
2214022,浜松天竜区佐久間町,はままつてんりゅうくさくまちょう,2214000,1,,
2214030,浜松天竜区二俣町鹿島,はままつてんりゅうくふたまたちょうかじま,2214000,1,,
2214034,浜松天竜区水窪町,はままつてんりゅうくみさくぼちょう,2214000,1,,
2214036,浜松天竜区龍山町,はままつてんりゅうくたつやまちょう,2214000,1,,
2221130,磐田市見付,いわたしみつけ,2221100,1,,
2221131,磐田市国府台,いわたしこうのだい,2221100,1,,
2221132,磐田市福田,いわたしふくで,2221100,1,,
2221133,磐田市岡,いわたしおか,2221100,1,,
2221135,磐田市下野部,いわたししものべ,2221100,1,,
2221300,掛川市篠場,かけがわししのんば,2221300,1,,
2221330,掛川市西大渕,かけがわしにしおおぶち,2221300,1,,
2221331,掛川市三俣,かけがわしみつまた,2221300,1,,
2221340,掛川市長谷,かけがわしながや,2221300,1,,
2221600,袋井市新屋,ふくろいしあらや,2221600,1,1,
2221630,袋井市浅名,ふくろいしあさな,2221600,1,,
2222131,湖西市新居町浜名,こさいしあらいちょうはまな,2222100,1,,
2222140,湖西市吉美,こさいしきび,2222100,1,,
2222301,御前崎市御前崎,おまえざきしおまえざき,2222300,1,1,
2222330,御前崎市池新田,おまえざきしいけしんでん,2222300,1,,
2222430,静岡菊川市赤土,しずおかきくがわしあかつち,2222400,1,,
2222431,静岡菊川市堀之内,しずおかきくがわしほりのうち,2222400,1,,
2246131,静岡森町森,しずおかもりまちもり,2246100,1,,
2320100,豊橋市向山,とよはししむかいやま,2320100,1,1,
2320130,豊橋市東松山町,とよはししひがしまつやまちょう,2320100,1,,
2320732,豊川市赤坂町,とよかわしあかさかちょう,2320700,1,,
2320735,豊川市小坂井町,とよかわしこざかいちょう,2320700,1,,
2320736,豊川市諏訪,とよかわしすわ,2320700,1,,
2320737,豊川市一宮町,とよかわしいちのみやちょう,2320700,1,,
2320738,豊川市御津町,とよかわしみとちょう,2320700,1,,
2321420,蒲郡市御幸町,がまごおりしみゆきちょう,2321400,1,,
2321431,蒲郡市水竹町,がまごおりしみずたけちょう,2321400,1,,
2322100,新城市乗本,しんしろしのりもと,2322100,1,1,
2322102,新城市作手清岳,しんしろしつくできよおか,2322100,1,1,
2322121,新城市作手高里松風呂,しんしろしつくでたかさとまつふろ,2322100,1,,
2322122,新城市大野,しんしろしおおの,2322100,1,,
2322132,新城市東入船,しんしろしひがしいりふね,2322100,1,,
2322133,新城市作手高里縄手上,しんしろしつくでたかさとなわてかみ,2322100,1,,
2322134,新城市長篠,しんしろしながしの,2322100,1,,
2323101,田原市石神町,たはらしいしがみちょう,2323100,1,1,
2323102,田原市福江町,たはらしふくえちょう,2323100,1,1,
2323120,田原市古田町,たはらしこだちょう,2323100,1,,
2323132,田原市田原町,たはらしたはらちょう,2323100,1,,
2323133,田原市赤羽根町,たはらしあかばねちょう,2323100,1,,
2356131,設楽町津具,したらちょうつぐ,2356100,1,,
2356132,設楽町田口,したらちょうたぐち,2356100,1,,
2356231,東栄町本郷,とうえいちょうほんごう,2356200,1,,
2356332,豊根村下黒川,とよねむらしもくろがわ,2356300,1,,
2356333,豊根村富山,とよねむらとみやま,2356300,1,,
2310100,名古屋千種区日和町,なごやちくさくひよりちょう,2310100,1,1,
2310240,名古屋東区筒井,なごやひがしくつつい,2310200,1,,
2310340,名古屋北区萩野通,なごやきたくはぎのどおり,2310300,1,,
2310440,名古屋西区八筋町,なごやにしくやすじちょう,2310400,1,,
2310540,名古屋中村区大宮町,なごやなかむらくおおみやちょう,2310500,1,,
2310630,名古屋中区市役所,なごやなかくしやくしょ,2310600,1,,
2310632,名古屋中区県庁,なごやなかくけんちょう,2310600,1,,
2310740,名古屋昭和区阿由知通,なごやしょうわくあゆちどおり,2310700,1,,
2310840,名古屋瑞穂区塩入町,なごやみずほくしおいりちょう,2310800,1,,
2310940,名古屋熱田区一番,なごやあつたくいちばん,2310900,1,,
2311040,名古屋中川区東春田,なごやなかがわくひがしはるた,2311000,1,,
2311140,名古屋港区金城ふ頭,なごやみなとくきんじょうふとう,2311100,1,,
2311141,名古屋港区春田野,なごやみなとくはるたの,2311100,1,,
2311142,名古屋港区善進本町,なごやみなとくぜんしんほんまち,2311100,1,,
2311240,名古屋南区鳴尾,なごやみなみくなるお,2311200,1,,
2311340,名古屋守山区下志段味,なごやもりやまくしもしだみ,2311300,1,,
2311341,名古屋守山区西新,なごやもりやまくにししん,2311300,1,,
2311420,名古屋緑区有松町,なごやみどりくありまつちょう,2311400,1,,
2311540,名古屋名東区名東本町,なごやめいとうくめいとうほんまち,2311500,1,,
2311640,名古屋天白区島田,なごやてんぱくくしまだ,2311600,1,,
2320201,岡崎市若宮町,おかざきしわかみやちょう,2320200,1,1,
2320231,岡崎市樫山町,おかざきしかしやまちょう,2320200,1,,
2320300,一宮市千秋,いちのみやしちあき,2320300,1,1,
2320334,一宮市西五城,いちのみやしにしいつしろ,2320300,1,,
2320335,一宮市木曽川町,いちのみやしきそがわちょう,2320300,1,,
2320336,一宮市緑,いちのみやしみどり,2320300,1,,
2320431,瀬戸市追分町,せとしおいわけちょう,2320400,1,,
2320531,半田市東洋町,はんだしとうようちょう,2320500,1,,
2320631,春日井市鳥居松町,かすがいしとりいまつちょう,2320600,1,,
2320831,愛知津島市埋田町,あいちつしましうめだちょう,2320800,1,,
2320932,碧南市松本町,へきなんしまつもとまち,2320900,1,,
2321031,刈谷市寿町,かりやしことぶきちょう,2321000,1,,
2321100,豊田市小坂本町,とよたしこざかほんまち,2321100,1,1,
2321101,豊田市大洞町,とよたしおおぼらちょう,2321100,1,1,
2321120,豊田市小坂町,とよたしこざかちょう,2321100,1,,
2321121,豊田市藤岡飯野町,とよたしふじおかいいのちょう,2321100,1,,
2321137,豊田市大沼町,とよたしおおぬまちょう,2321100,1,,
2321140,豊田市駒場町,とよたしこまばちょう,2321100,1,,
2321141,豊田市坂上町,とよたしさかうえちょう,2321100,1,,
2321142,豊田市畝部西町,とよたしうねべにしまち,2321100,1,,
2321143,豊田市百々町,とよたしどうどちょう,2321100,1,,
2321144,豊田市保見町,とよたしほみちょう,2321100,1,,
2321145,豊田市長興寺,とよたしちょうこうじ,2321100,1,,
2321146,豊田市足助町,とよたしあすけちょう,2321100,1,,
2321147,豊田市稲武町,とよたしいなぶちょう,2321100,1,,
2321148,豊田市小原町,とよたしおばらちょう,2321100,1,,
2321149,豊田市小渡町,とよたしおどちょう,2321100,1,,
2321220,安城市和泉町,あんじょうしいずみちょう,2321200,1,,
2321231,安城市横山町,あんじょうしよこやまちょう,2321200,1,,
2321310,西尾市一色町,にしおしいっしきちょう,2321300,1,1,
2321334,西尾市西幡豆町,にしおしにしはずちょう,2321300,1,,
2321335,西尾市吉良町,にしおしきらちょう,2321300,1,,
2321336,西尾市矢曽根町,にしおしやぞねちょう,2321300,1,,
2321531,犬山市五郎丸,いぬやましごろうまる,2321500,1,,
2321601,中部国際空港,ちゅうぶこくさいくうこう,2321600,1,1,
2321602,常滑市飛香台,とこなめしあすかだい,2321600,1,1,
2321731,愛知江南市赤童子町,あいちこうなんしあかどうじちょう,2321700,1,,
2321931,小牧市安田町,こまきしやすだちょう,2321900,1,,
2322033,稲沢市祖父江町,いなざわしそぶえちょう,2322000,1,,
2322034,稲沢市平和町,いなざわしへいわちょう,2322000,1,,
2322035,稲沢市稲府町,いなざわしいなぶちょう,2322000,1,,
2322231,東海市加木屋町,とうかいしかぎやまち,2322200,1,,
2322331,大府市中央町,おおぶしちゅうおうちょう,2322300,1,,
2322420,知多市緑町,ちたしみどりちょう,2322400,1,,
2322530,知立市弘法,ちりゅうしこうぼう,2322500,1,,
2322631,尾張旭市東大道町,おわりあさひしひがしだいどうちょう,2322600,1,,
2322731,高浜市稗田町,たかはましひえだちょう,2322700,1,,
2322831,岩倉市川井町,いわくらしかわいちょう,2322800,1,,
2322931,豊明市沓掛町,とよあけしくつかけちょう,2322900,1,,
2323031,日進市蟹甲町,にっしんしかにこうちょう,2323000,1,,
2323201,愛西市稲葉町,あいさいしいなばちょう,2323200,1,1,
2323233,愛西市石田町,あいさいしいしだちょう,2323200,1,,
2323234,愛西市江西町,あいさいしえにしちょう,2323200,1,,
2323235,愛西市諏訪町,あいさいしすわちょう,2323200,1,,
2323334,清須市須ケ口,きよすしすかぐち,2323300,1,,
2323336,清須市春日振形,きよすしはるひふりかた,2323300,1,,
2323337,清須市西枇杷島町住吉,きよすしにしびわじまちょうすみよし,2323300,1,,
2323338,清須市清洲,きよすしきよす,2323300,1,,
2323432,北名古屋市西之保,きたなごやしにしのほう,2323400,1,,
2323433,北名古屋市井瀬木,きたなごやしいせぎ,2323400,1,,
2323533,弥富市神戸,やとみしかんど,2323500,1,,
2323534,弥富市前ヶ須町,やとみしまえがすちょう,2323500,1,,
2323631,愛知みよし市三好町,あいちみよししみよしちょう,2323600,1,,
2323733,あま市七宝町,あまししっぽうちょう,2323700,1,,
2323734,あま市木田,あましきだ,2323700,1,,
2323735,あま市甚目寺,あましじもくじ,2323700,1,,
2323831,長久手市岩作城の内,ながくてしやざこしろのうち,2323800,1,,
2330231,東郷町春木,とうごうちょうはるき,2330200,1,,
2334231,豊山町豊場,とよやまちょうとよば,2334200,1,,
2336131,大口町下小口,おおぐちちょうしもおぐち,2336100,1,,
2336231,扶桑町高雄,ふそうちょうたかお,2336200,1,,
2342431,大治町馬島,おおはるちょうまじま,2342400,1,,
2342531,蟹江町蟹江本町,かにえちょうかにえほんまち,2342500,1,,
2342730,飛島村竹之郷,とびしまむらたけのごう,2342700,1,,
2344131,阿久比町卯坂,あぐいちょううさか,2344100,1,,
2344231,東浦町緒川,ひがしうらちょうおがわ,2344200,1,,
2344500,南知多町豊浜,みなみちたちょうとよはま,2344500,1,1,
2344620,愛知美浜町河和,あいちみはまちょうこうわ,2344600,1,,
2344731,武豊町長尾山,たけとよちょうながおやま,2344700,1,,
2350132,幸田町菱池,こうたちょうひしいけ,2350100,1,,
2420201,四日市市日永,よっかいちしひなが,2420200,1,1,
2420220,四日市市新浜町,よっかいちししんはまちょう,2420200,1,,
2420230,四日市市諏訪町,よっかいちしすわちょう,2420200,1,,
2420232,四日市市楠町北五味塚,よっかいちしくすちょうきたごみづか,2420200,1,,
2420533,桑名市多度町多度,くわなしたどちょうたど,2420500,1,,
2420534,桑名市長島町松ケ島,くわなしながしまちょうまつがしま,2420500,1,,
2420535,桑名市中央町,くわなしちゅうおうちょう,2420500,1,,
2420700,鈴鹿市西条,すずかしにしじょう,2420700,1,1,
2420731,鈴鹿市神戸,すずかしかんべ,2420700,1,,
2421022,亀山市椿世町,かめやましつばいそちょう,2421000,1,,
2421032,亀山市本丸町,かめやましほんまるちょう,2421000,1,,
2421033,亀山市関町木崎,かめやましせきちょうこざき,2421000,1,,
2421435,いなべ市員弁町笠田新田,いなべしいなべちょうかさだしんでん,2421400,1,,
2421436,いなべ市大安町丹生川久下,いなべしだいあんちょうにゅうがわひさか,2421400,1,,
2421437,いなべ市藤原町市場,いなべしふじわらちょういちば,2421400,1,,
2421438,いなべ市北勢町阿下喜,いなべしほくせいちょうあげき,2421400,1,,
2430331,木曽岬町西対海地,きそさきちょうにしたいがんじ,2430300,1,,
2432430,東員町山田,とういんちょうやまだ,2432400,1,,
2434131,菰野町潤田,こものちょううるだ,2434100,1,,
2434330,三重朝日町小向,みえあさひちょうおぶけ,2434300,1,,
2434431,川越町豊田一色,かわごえちょうとよたいっしき,2434400,1,,
2420100,津市島崎町,つししまざきちょう,2420100,1,1,
2420101,津市片田薬王寺町,つしかただやくおうじちょう,2420100,1,1,
2420130,津市西丸之内,つしにしまるのうち,2420100,1,,
2420132,津市河芸町浜田,つしかわげちょうはまだ,2420100,1,,
2420133,津市芸濃町椋本,つしげいのうちょうむくもと,2420100,1,,
2420134,津市美里町三郷,つしみさとちょうみさと,2420100,1,,
2420136,津市香良洲町,つしからすちょう,2420100,1,,
2420140,津市安濃町東観音寺,つしあのうちょうとうかんおんじ,2420100,1,,
2420142,津市白山町川口,つしはくさんちょうかわぐち,2420100,1,,
2420143,津市一志町田尻,つしいちしちょうたじり,2420100,1,,
2420144,津市美杉町八知,つしみすぎちょうやち,2420100,1,,
2420145,津市久居明神町,つしひさいみょうじんちょう,2420100,1,,
2420401,松阪市上川町,まつさかしうえがわちょう,2420400,1,1,
2420422,松阪市魚町,まつさかしうおまち,2420400,1,,
2420432,松阪市曽原町,まつさかしそはらちょう,2420400,1,,
2420434,松阪市飯高町宮前,まつさかしいいたかちょうみやまえ,2420400,1,,
2420435,松阪市殿町,まつさかしとのまち,2420400,1,,
2420436,松阪市飯南町粥見,まつさかしいいなんちょうかゆみ,2420400,1,,
2420437,松阪市嬉野町,まつさかしうれしのちょう,2420400,1,,
2420830,名張市鴻之台,なばりしこうのだい,2420800,1,,
2421601,伊賀市緑ケ丘本町,いがしみどりがおかほんまち,2421600,1,1,
2421620,伊賀市小田町,いがしおたちょう,2421600,1,,
2421631,伊賀市下柘植,いがししもつげ,2421600,1,,
2421632,伊賀市島ヶ原,いがししまがはら,2421600,1,,
2421637,伊賀市四十九町,いがししじゅうくまち,2421600,1,,
2421638,伊賀市平田,いがしひらた,2421600,1,,
2421639,伊賀市馬場,いがしばば,2421600,1,,
2421640,伊賀市阿保,いがしあお,2421600,1,,
2444133,多気町相可,たきちょうおうか,2444100,1,,
2444134,多気町朝柄,たきちょうあさがら,2444100,1,,
2444230,三重明和町馬之上,みえめいわちょううまのうえ,2444200,1,,
2420301,伊勢市矢持町,いせしやもちちょう,2420300,1,1,
2420321,伊勢市楠部町,いせしくすべちょう,2420300,1,,
2420334,伊勢市岩淵,いせしいわぶち,2420300,1,,
2420335,伊勢市二見町茶屋,いせしふたみちょうちゃや,2420300,1,,
2420336,伊勢市小俣町元町,いせしおばたちょうもとまち,2420300,1,,
2420337,伊勢市御薗町長屋,いせしみそのちょうながや,2420300,1,,
2420901,尾鷲市南陽町,おわせしなんようちょう,2420900,1,1,
2420920,尾鷲市南浦,おわせしみなみうら,2420900,1,,
2420930,尾鷲市中央町,おわせしちゅうおうちょう,2420900,1,,
2421132,鳥羽市鳥羽,とばしとば,2421100,1,,
2421220,熊野市有馬町,くまのしありまちょう,2421200,1,,
2421230,熊野市井戸町,くまのしいどちょう,2421200,1,,
2421232,熊野市紀和町板屋,くまのしきわちょういたや,2421200,1,,
2421501,志摩市志摩町和具,しまししまちょうわぐ,2421500,1,1,
2421521,志摩市志摩町布施田,しまししまちょうふせだ,2421500,1,,
2421536,志摩市大王町波切,しましだいおうちょうなきり,2421500,1,,
2421538,志摩市阿児町鵜方,しましあごちょううがた,2421500,1,,
2421539,志摩市磯部町迫間,しましいそべちょうはさま,2421500,1,,
2421540,志摩市浜島町浜島,しましはまじまちょうはまじま,2421500,1,,
2444333,大台町佐原,おおだいちょうさわら,2444300,1,,
2444334,大台町江馬,おおだいちょうえま,2444300,1,,
2446131,玉城町田丸,たまきちょうたまる,2446100,1,,
2447032,度会町棚橋,わたらいちょうたなはし,2447000,1,,
2447130,三重大紀町滝原,みえたいきちょうたきはら,2447100,1,,
2447131,三重大紀町錦,みえたいきちょうにしき,2447100,1,,
2447133,三重大紀町大内山,みえたいきちょうおおうちやま,2447100,1,,
2447230,南伊勢町五ヶ所浦,みなみいせちょうごかしょうら,2447200,1,,
2447231,南伊勢町神前浦,みなみいせちょうかみさきうら,2447200,1,,
2454300,三重紀北町十須,みえきほくちょうじゅうす,2454300,1,1,
2454331,三重紀北町相賀,みえきほくちょうあいが,2454300,1,,
2454333,三重紀北町東長島,みえきほくちょうひがしながしま,2454300,1,,
2456100,三重御浜町寺谷総合公園,みえみはまちょうてらだにそうごうこうえん,2456100,1,1,
2456131,三重御浜町阿田和,みえみはまちょうあたわ,2456100,1,,
2456231,紀宝町鵜殿,きほうちょううどの,2456200,1,,
2456232,紀宝町神内,きほうちょうこうのうち,2456200,1,,
2520201,彦根市城町,ひこねししろまち,2520200,1,1,
2520220,彦根市西今町,ひこねしにしいまちょう,2520200,1,,
2520230,彦根市元町,ひこねしもとまち,2520200,1,,
2520320,長浜市公園町,ながはましこうえんちょう,2520300,1,,
2520331,長浜市内保町,ながはましうちぼちょう,2520300,1,,
2520334,長浜市湖北町速水,ながはましこほくちょうはやみ,2520300,1,,
2520335,長浜市高月町渡岸寺,ながはましたかつきちょうどうがんじ,2520300,1,,
2520336,長浜市木之本町木之本,ながはましきのもとちょうきのもと,2520300,1,,
2520337,長浜市余呉町中之郷,ながはましよごちょうなかのごう,2520300,1,,
2520339,長浜市西浅井町大浦,ながはましにしあざいちょうおおうら,2520300,1,,
2520340,長浜市八幡東町,ながはましやわたひがしちょう,2520300,1,,
2520341,長浜市宮部町,ながはましみやべちょう,2520300,1,,
2520342,長浜市難波町,ながはましなんばちょう,2520300,1,,
2521220,高島市今津町日置前,たかしましいまづちょうひおきまえ,2521200,1,,
2521221,高島市朽木柏,たかしましくつきかせ,2521200,1,,
2521230,高島市マキノ町,たかしましまきのちょう,2521200,1,,
2521232,高島市朽木市場,たかしましくつきいちば,2521200,1,,
2521235,高島市新旭町,たかしまししんあさひちょう,2521200,1,,
2521236,高島市勝野,たかしましかつの,2521200,1,,
2521237,高島市安曇川町,たかしましあどがわちょう,2521200,1,,
2521238,高島市今津町弘川,たかしましいまづちょうひろかわ,2521200,1,,
2521431,米原市春照,まいばらしすいじょう,2521400,1,,
2521433,米原市顔戸,まいばらしごうど,2521400,1,,
2521434,米原市長岡,まいばらしながおか,2521400,1,,
2521435,米原市米原,まいばらしまいばら,2521400,1,,
2542530,愛荘町安孫子,あいしょうちょうあびこ,2542500,1,,
2542531,愛荘町愛知川,あいしょうちょうえちがわ,2542500,1,,
2544130,豊郷町石畑,とよさとちょういしばたけ,2544100,1,,
2544230,甲良町在士,こうらちょうざいじ,2544200,1,,
2544330,多賀町多賀,たがちょうたが,2544300,1,,
2520100,大津市御陵町,おおつしごりょうちょう,2520100,1,1,
2520103,大津市南小松,おおつしみなみこまつ,2520100,1,1,
2520120,大津市国分,おおつしこくぶ,2520100,1,,
2520121,大津市木戸消防分団,おおつしきどしょうぼうぶんだん,2520100,1,,
2520131,大津市南郷,おおつしなんごう,2520100,1,,
2520132,大津市真野,おおつしまの,2520100,1,,
2520401,近江八幡市桜宮町,おうみはちまんしさくらみやちょう,2520400,1,1,
2520420,近江八幡市出町,おうみはちまんしでまち,2520400,1,,
2520431,近江八幡市安土町下豊浦,おうみはちまんしあづちちょうしもといら,2520400,1,,
2520631,草津市草津,くさつしくさつ,2520600,1,,
2520731,守山市石田町,もりやましいしだちょう,2520700,1,,
2520830,栗東市安養寺,りっとうしあんようじ,2520800,1,,
2520901,甲賀市水口町,こうかしみなくちちょう,2520900,1,1,
2520920,甲賀市甲賀町大久保,こうかしこうかちょうおおくぼ,2520900,1,,
2520930,甲賀市土山町,こうかしつちやまちょう,2520900,1,,
2520932,甲賀市甲南町,こうかしこうなんちょう,2520900,1,,
2520933,甲賀市信楽町,こうかししがらきちょう,2520900,1,,
2520934,甲賀市甲賀町相模,こうかしこうかちょうさがみ,2520900,1,,
2521030,野洲市西河原,やすしにしがわら,2521000,1,,
2521032,野洲市小篠原,やすしこしのはら,2521000,1,,
2521120,湖南市中央森北公園,こなんしちゅうおうもりきたこうえん,2521100,1,,
2521130,湖南市石部中央西庁舎,こなんしいしべちゅうおうにしちょうしゃ,2521100,1,,
2521131,湖南市中央東庁舎,こなんしちゅうおうひがしちょうしゃ,2521100,1,,
2521300,東近江市君ヶ畑町,ひがしおうみしきみがはたちょう,2521300,1,1,
2521320,東近江市上二俣町,ひがしおうみしかみふたまたちょう,2521300,1,,
2521330,東近江市八日市緑町,ひがしおうみしようかいちみどりまち,2521300,1,,
2521334,東近江市池庄町,ひがしおうみしいけしょうちょう,2521300,1,,
2521335,東近江市市子川原町,ひがしおうみしいちこかわらちょう,2521300,1,,
2521337,東近江市山上町,ひがしおうみしやまかみちょう,2521300,1,,
2521338,東近江市妹町,ひがしおうみしいもとちょう,2521300,1,,
2521340,東近江市五個荘小幡町,ひがしおうみしごかしょうおばたちょう,2521300,1,,
2521341,東近江市躰光寺町,ひがしおうみしたいこうじちょう,2521300,1,,
2538331,滋賀日野町河原,しがひのちょうかわら,2538300,1,,
2538431,竜王町小口,りゅうおうちょうおぐち,2538400,1,,
2620100,福知山市内記,ふくちやましないき,2620100,1,1,
2620120,福知山市長田野町,ふくちやましおさだのちょう,2620100,1,,
2620130,福知山市三和町千束,ふくちやましみわちょうせんぞく,2620100,1,,
2620131,福知山市夜久野町額田,ふくちやましやくのちょうぬかた,2620100,1,,
2620132,福知山市大江町河守,ふくちやましおおえちょうこうもり,2620100,1,,
2620200,舞鶴市下福井,まいづるししもふくい,2620200,1,1,
2620220,舞鶴市浜,まいづるしはま,2620200,1,,
2620231,舞鶴市北吸,まいづるしきたすい,2620200,1,,
2620331,綾部市若竹町,あやべしわかたけちょう,2620300,1,,
2620530,宮津市柳縄手,みやづしやなぎなわて,2620500,1,,
2621200,京丹後市弥栄町吉沢,きょうたんごしやさかちょうよしさわ,2621200,1,1,
2621221,京丹後市久美浜町広瀬,きょうたんごしくみはまちょうひろせ,2621200,1,,
2621230,京丹後市峰山町,きょうたんごしみねやまちょう,2621200,1,,
2621231,京丹後市大宮町,きょうたんごしおおみやちょう,2621200,1,,
2621233,京丹後市丹後町,きょうたんごしたんごちょう,2621200,1,,
2621235,京丹後市久美浜市民局,きょうたんごしくみはましみんきょく,2621200,1,,
2621236,京丹後市網野町,きょうたんごしあみのちょう,2621200,1,,
2621237,京丹後市弥栄町溝谷,きょうたんごしやさかちょうみぞたに,2621200,1,,
2646320,伊根町亀島,いねちょうかめしま,2646300,1,,
2646331,伊根町日出,いねちょうひで,2646300,1,,
2646530,与謝野町加悦,よさのちょうかや,2646500,1,,
2646531,与謝野町岩滝,よさのちょういわたき,2646500,1,,
2646532,与謝野町四辻,よさのちょうよつつじ,2646500,1,,
2610142,京都北区大宮西脇台町,きょうときたくおおみやにしわきだいちょう,2610100,1,,
2610230,京都上京区薮ノ内町,きょうとかみぎょうくやぶのうちちょう,2610200,1,,
2610321,京都左京区広河原能見町,きょうとさきょうくひろがわらのうみちょう,2610300,1,,
2610340,京都左京区田中,きょうとさきょうくたなか,2610300,1,,
2610400,京都中京区西ノ京,きょうとなかぎょうくにしのきょう,2610400,1,1,
2610440,京都中京区河原町御池,きょうとなかぎょうくかわらまちおいけ,2610400,1,,
2610540,京都東山区清水,きょうとひがしやまくきよみず,2610500,1,,
2610640,京都下京区河原町塩小路,きょうとしもぎょうくかわらまちしおこうじ,2610600,1,,
2610740,京都南区西九条,きょうとみなみくにしくじょう,2610700,1,,
2610830,京都右京区京北周山町,きょうとうきょうくけいほくしゅうざんちょう,2610800,1,,
2610841,京都右京区太秦,きょうとうきょうくうずまさ,2610800,1,,
2610940,京都伏見区竹田,きょうとふしみくたけだ,2610900,1,,
2610941,京都伏見区醍醐,きょうとふしみくだいご,2610900,1,,
2611020,京都山科区安朱川向町,きょうとやましなくあんしゅかわむかいちょう,2611000,1,,
2611040,京都山科区西野,きょうとやましなくにしの,2611000,1,,
2611140,京都西京区樫原,きょうとにしきょうくかたぎはら,2611100,1,,
2611141,京都西京区大枝,きょうとにしきょうくおおえ,2611100,1,,
2620400,宇治市宇治琵琶,うじしうじびわ,2620400,1,1,
2620420,宇治市折居台,うじしおりいだい,2620400,1,,
2620600,亀岡市安町,かめおかしやすまち,2620600,1,1,
2620620,亀岡市余部町,かめおかしあまるべちょう,2620600,1,,
2620731,城陽市寺田,じょうようしてらだ,2620700,1,,
2620830,向日市寺戸町,むこうしてらどちょう,2620800,1,,
2620931,長岡京市開田,ながおかきょうしかいでん,2620900,1,,
2621030,八幡市八幡,やわたしやわた,2621000,1,,
2621130,京田辺市田辺,きょうたなべしたなべ,2621100,1,,
2621330,南丹市美山町島,なんたんしみやまちょうしま,2621300,1,,
2621333,南丹市日吉町保野田,なんたんしひよしちょうほのだ,2621300,1,,
2621334,南丹市八木町八木,なんたんしやぎちょうやぎ,2621300,1,,
2621336,南丹市園部町小桜町,なんたんしそのべちょうこざくらまち,2621300,1,,
2621432,木津川市加茂町里,きづがわしかもちょうさと,2621400,1,,
2621433,木津川市木津,きづがわしきづ,2621400,1,,
2621434,木津川市山城町上狛,きづがわしやましろちょうかみこま,2621400,1,,
2630330,大山崎町円明寺,おおやまざきちょうえんみょうじ,2630300,1,,
2632230,久御山町田井,くみやまちょうたい,2632200,1,,
2634331,井手町井手,いでちょういで,2634300,1,,
2634431,宇治田原町立川,うじたわらちょうたちかわ,2634400,1,,
2636430,笠置町笠置,かさぎちょうかさぎ,2636400,1,,
2636530,和束町釜塚,わづかちょうかまつか,2636500,1,,
2636631,精華町南稲八妻,せいかちょうみなみいなやづま,2636600,1,,
2636730,南山城村北大河原,みなみやましろむらきたおおがわら,2636700,1,,
2640700,京丹波町坂原,きょうたんばちょうさかばら,2640700,1,1,
2640731,京丹波町橋爪,きょうたんばちょうはしづめ,2640700,1,,
2640732,京丹波町本庄,きょうたんばちょうほんじょう,2640700,1,,
2640733,京丹波町蒲生,きょうたんばちょうこも,2640700,1,,
2710231,大阪都島区都島本通,おおさかみやこじまくみやこじまほんどおり,2710200,1,,
2710330,大阪福島区福島,おおさかふくしまくふくしま,2710300,1,,
2710431,大阪此花区春日出北,おおさかこのはなくかすができた,2710400,1,,
2710630,大阪西区九条南,おおさかにしくくじょうみなみ,2710600,1,,
2710730,大阪港区築港,おおさかみなとくちっこう,2710700,1,,
2710831,大阪大正区泉尾,おおさかたいしょうくいずお,2710800,1,,
2710930,大阪天王寺区上本町,おおさかてんのうじくうえほんまち,2710900,1,,
2711131,大阪浪速区元町,おおさかなにわくもとまち,2711100,1,,
2711331,大阪西淀川区千舟,おおさかにしよどがわくちぶね,2711300,1,,
2711420,大阪東淀川区柴島,おおさかひがしよどがわくくにじま,2711400,1,,
2711430,大阪東淀川区北江口,おおさかひがしよどがわくきたえぐち,2711400,1,,
2711530,大阪東成区東中本,おおさかひがしなりくひがしなかもと,2711500,1,,
2711630,大阪生野区舎利寺,おおさかいくのくしゃりじ,2711600,1,,
2711731,大阪旭区大宮,おおさかあさひくおおみや,2711700,1,,
2711831,大阪城東区放出西,おおさかじょうとうくはなてんにし,2711800,1,,
2711930,大阪阿倍野区松崎町,おおさかあべのくまつざきちょう,2711900,1,,
2712030,大阪住吉区遠里小野,おおさかすみよしくおりおの,2712000,1,,
2712130,大阪東住吉区杭全,おおさかひがしすみよしくくまた,2712100,1,,
2712230,大阪西成区岸里,おおさかにしなりくきしのさと,2712200,1,,
2712330,大阪淀川区木川東,おおさかよどがわくきかわひがし,2712300,1,,
2712430,大阪鶴見区横堤,おおさかつるみくよこづつみ,2712400,1,,
2712531,大阪住之江区御崎,おおさかすみのえくみさき,2712500,1,,
2712630,大阪平野区平野南,おおさかひらのくひらのみなみ,2712600,1,,
2712730,大阪北区茶屋町,おおさかきたくちゃやまち,2712700,1,,
2712800,大阪中央区大手前,おおさかちゅうおうくおおてまえ,2712800,1,1,
2712831,大阪中央区大阪府庁,おおさかちゅうおうくおおさかふちょう,2712800,1,,
2720300,大阪国際空港,おおさかこくさいくうこう,2720300,1,1,
2720320,豊中市曽根南町,とよなかしそねみなみまち,2720300,1,,
2720330,豊中市役所,とよなかしやくしょ,2720300,1,,
2720430,池田市城南,いけだしじょうなん,2720400,1,,
2720530,吹田市内本町,すいたしうちほんまち,2720500,1,,
2720700,高槻市桃園町,たかつきしとうえんちょう,2720700,1,1,
2720720,高槻市立第２中学校,たかつきしりつだいにちゅうがっこう,2720700,1,,
2720732,高槻市消防本部,たかつきししょうぼうほんぶ,2720700,1,,
2720931,守口市京阪本通,もりぐちしけいはんほんどおり,2720900,1,,
2721031,枚方市大垣内,ひらかたしおおがいと,2721000,1,,
2721130,茨木市東中条町,いばらきしひがしちゅうじょうちょう,2721100,1,,
2721230,八尾市本町,やおしほんまち,2721200,1,,
2721530,寝屋川市役所,ねやがわしやくしょ,2721500,1,,
2721831,大東市新町,だいとうししんまち,2721800,1,,
2722000,箕面市箕面,みのおしみのお,2722000,1,1,
2722030,箕面市粟生外院,みのおしあおげいん,2722000,1,,
2722131,柏原市安堂町,かしわらしあんどうちょう,2722100,1,,
2722330,門真市中町,かどましなかまち,2722300,1,,
2722430,摂津市三島,せっつしみしま,2722400,1,,
2722731,東大阪市荒本北,ひがしおおさかしあらもときた,2722700,1,,
2722930,四條畷市西中野,しじょうなわてしにしなかの,2722900,1,,
2723030,交野市私部,かたのしきさべ,2723000,1,,
2730130,島本町若山台,しまもとちょうわかやまだい,2730100,1,,
2732130,豊能町余野,とよのちょうよの,2732100,1,,
2732221,能勢町森上,のせちょうもりがみ,2732200,1,,
2732231,能勢町役場,のせちょうやくば,2732200,1,,
2714120,大阪堺市堺区山本町,おおさかさかいしさかいくやまもとちょう,2714100,1,,
2714131,大阪堺市堺区市役所,おおさかさかいしさかいくしやくしょ,2714100,1,,
2714132,大阪堺市堺区大浜南町,おおさかさかいしさかいくおおはまみなみまち,2714100,1,,
2714200,大阪堺市中区深井清水町,おおさかさかいしなかくふかいしみずちょう,2714200,1,1,
2714330,大阪堺市東区日置荘原寺町,おおさかさかいしひがしくひきしょうはらでらまち,2714300,1,,
2714431,大阪堺市西区鳳東町,おおさかさかいしにしくおおとりひがしまち,2714400,1,,
2714531,大阪堺市南区桃山台,おおさかさかいしみなみくももやまだい,2714500,1,,
2714631,大阪堺市北区新金岡町,おおさかさかいしきたくしんかなおかちょう,2714600,1,,
2714730,大阪堺市美原区黒山,おおさかさかいしみはらくくろやま,2714700,1,,
2720200,岸和田市岸城町,きしわだしきしきちょう,2720200,1,1,
2720221,岸和田市畑町,きしわだしはたまち,2720200,1,,
2720230,岸和田市役所,きしわだしやくしょ,2720200,1,,
2720631,泉大津市東雲町,いずみおおつししののめちょう,2720600,1,,
2720831,貝塚市畠中,かいづかしはたけなか,2720800,1,,
2721332,泉佐野市りんくう往来,いずみさのしりんくうおうらい,2721300,1,,
2721333,泉佐野市市場,いずみさのしいちば,2721300,1,,
2721400,富田林市本町,とんだばやししほんまち,2721400,1,1,
2721430,富田林市高辺台,とんだばやししたかべだい,2721400,1,,
2721620,河内長野市清見台,かわちながのしきよみだい,2721600,1,,
2721630,河内長野市役所,かわちながのしやくしょ,2721600,1,,
2721730,松原市阿保,まつばらしあお,2721700,1,,
2721932,大阪和泉市府中町,おおさかいずみしふちゅうちょう,2721900,1,,
2722231,羽曳野市誉田,はびきのしこんだ,2722200,1,,
2722530,高石市加茂,たかいししかも,2722500,1,,
2722630,藤井寺市岡,ふじいでらしおか,2722600,1,,
2722820,泉南市男里,せんなんしおのさと,2722800,1,,
2722830,泉南市消防本部,せんなんししょうぼうほんぶ,2722800,1,,
2723130,大阪狭山市狭山,おおさかさやましさやま,2723100,1,,
2723230,阪南市尾崎町,はんなんしおざきちょう,2723200,1,,
2734132,忠岡町忠岡東,ただおかちょうただおかひがし,2734100,1,,
2736130,熊取町野田,くまとりちょうのだ,2736100,1,,
2736200,関西国際空港,かんさいこくさいくうこう,2736200,1,1,
2736230,田尻町嘉祥寺,たじりちょうかしょうじ,2736200,1,,
2736630,大阪岬町深日,おおさかみさきちょうふけ,2736600,1,,
2738130,大阪太子町山田,おおさかたいしちょうやまだ,2738100,1,,
2738230,河南町白木,かなんちょうしらき,2738200,1,,
2738333,千早赤阪村水分,ちはやあかさかむらすいぶん,2738300,1,,
2820901,豊岡市桜町,とよおかしさくらまち,2820900,1,1,
2820920,豊岡市出石町,とよおかしいずしちょう,2820900,1,,
2820933,豊岡市日高町,とよおかしひだかちょう,2820900,1,,
2820934,豊岡市但東町,とよおかしたんとうちょう,2820900,1,,
2820935,豊岡市城崎町,とよおかしきのさきちょう,2820900,1,,
2820937,豊岡市竹野町,とよおかしたけのちょう,2820900,1,,
2820938,豊岡市中央町,とよおかしちゅうおうちょう,2820900,1,,
2822220,養父市大屋町,やぶしおおやちょう,2822200,1,,
2822230,養父市八鹿町,やぶしようかちょう,2822200,1,,
2822231,養父市広谷,やぶしひろたに,2822200,1,,
2822233,養父市関宮,やぶしせきのみや,2822200,1,,
2822500,朝来市和田山町枚田,あさごしわだやまちょうひらた,2822500,1,1,
2822520,朝来市生野町,あさごしいくのちょう,2822500,1,,
2822521,朝来市和田山町柳原,あさごしわだやまちょうやなぎはら,2822500,1,,
2822530,朝来市山東町,あさごしさんとうちょう,2822500,1,,
2822531,朝来市新井,あさごしにい,2822500,1,,
2858500,兵庫香美町香住区三川,ひょうごかみちょうかすみくみかわ,2858500,1,1,
2858520,兵庫香美町香住区香住,ひょうごかみちょうかすみくかすみ,2858500,1,,
2858521,兵庫香美町村岡区神坂,ひょうごかみちょうむらおかくかんざか,2858500,1,,
2858532,兵庫香美町小代区,ひょうごかみちょうおじろく,2858500,1,,
2858620,新温泉町浜坂,しんおんせんちょうはまさか,2858600,1,,
2858631,新温泉町湯,しんおんせんちょうゆ,2858600,1,,
2810130,神戸東灘区住吉東町,こうべひがしなだくすみよしひがしまち,2810100,1,,
2810230,神戸灘区八幡町,こうべなだくやはたちょう,2810200,1,,
2810520,神戸兵庫区烏原町,こうべひょうごくからすはらちょう,2810500,1,,
2810530,神戸兵庫区上沢通,こうべひょうごくかみさわどおり,2810500,1,,
2810630,神戸長田区神楽町,こうべながたくかぐらちょう,2810600,1,,
2810730,神戸須磨区若草町,こうべすまくわかくさちょう,2810700,1,,
2810831,神戸垂水区王居殿,こうべたるみくおういでん,2810800,1,,
2810930,神戸北区南五葉,こうべきたくみなみごよう,2810900,1,,
2810931,神戸北区藤原台南町,こうべきたくふじわらだいみなみまち,2810900,1,,
2811001,神戸中央区脇浜,こうべちゅうおうくわきのはま,2811000,1,1,
2811130,神戸西区竹の台,こうべにしくたけのだい,2811100,1,,
2820230,尼崎市昭和通,あまがさきししょうわどおり,2820200,1,,
2820300,明石市中崎,あかししなかさき,2820300,1,1,
2820320,明石市相生,あかししあいおい,2820300,1,,
2820400,西宮市宮前町,にしのみやしみやまえちょう,2820400,1,1,
2820420,西宮市平木,にしのみやしひらき,2820400,1,,
2820440,西宮市名塩,にしのみやしなじお,2820400,1,,
2820631,芦屋市精道町,あしやしせいどうちょう,2820600,1,,
2820731,伊丹市千僧,いたみしせんぞ,2820700,1,,
2821000,加古川市加古川町,かこがわしかこがわちょう,2821000,1,1,
2821020,加古川市志方町,かこがわししかたまち,2821000,1,,
2821320,西脇市上比延町,にしわきしかみひえちょう,2821300,1,,
2821331,西脇市黒田庄町前坂,にしわきしくろだしょうちょうまえさか,2821300,1,,
2821431,宝塚市東洋町,たからづかしとうようちょう,2821400,1,,
2821500,三木市細川町,みきしほそかわちょう,2821500,1,1,
2821520,三木市福井,みきしふくい,2821500,1,,
2821531,三木市吉川町,みきしよかわちょう,2821500,1,,
2821633,高砂市荒井町,たかさごしあらいちょう,2821600,1,,
2821730,川西市中央町,かわにししちゅうおうちょう,2821700,1,,
2821832,小野市王子町,おのしおうじちょう,2821800,1,,
2821900,三田市下深田,さんだししもふかた,2821900,1,1,
2821920,三田市下里,さんだししもざと,2821900,1,,
2822000,加西市下万願寺町,かさいししもまんがんじちょう,2822000,1,1,
2822030,加西市北条町,かさいしほうじょうちょう,2822000,1,,
2822100,丹波篠山市北新町,たんばささやましきたしんまち,2822100,1,1,
2822120,丹波篠山市杉,たんばささやましすぎ,2822100,1,,
2822130,丹波篠山市宮田,たんばささやましみやだ,2822100,1,,
2822132,丹波篠山市今田町,たんばささやましこんだちょう,2822100,1,,
2822320,丹波市春日町,たんばしかすがちょう,2822300,1,,
2822330,丹波市柏原町,たんばしかいばらちょう,2822300,1,,
2822332,丹波市青垣町,たんばしあおがきちょう,2822300,1,,
2822334,丹波市市島町,たんばしいちじまちょう,2822300,1,,
2822335,丹波市氷上町,たんばしひかみちょう,2822300,1,,
2822336,丹波市山南町,たんばしさんなんちょう,2822300,1,,
2822801,加東市社,かとうしやしろ,2822800,1,1,
2822832,加東市河高,かとうしこうたか,2822800,1,,
2822833,加東市天神,かとうしてんじん,2822800,1,,
2830130,猪名川町紫合,いながわちょうゆうだ,2830100,1,,
2836533,多可町加美区,たかちょうかみく,2836500,1,,
2836534,多可町八千代区,たかちょうやちよく,2836500,1,,
2836535,多可町中区,たかちょうなかく,2836500,1,,
2838130,兵庫稲美町国岡,ひょうごいなみちょうくにおか,2838100,1,,
2838230,播磨町東本荘,はりまちょうひがしほんじょう,2838200,1,,
2820100,姫路市神子岡前,ひめじしみこおかまえ,2820100,1,1,
2820120,姫路市安田,ひめじしやすだ,2820100,1,,
2820131,姫路市夢前町前之庄,ひめじしゆめさきちょうまえのしょう,2820100,1,,
2820135,姫路市安富町安志,ひめじしやすとみちょうあんじ,2820100,1,,
2820136,姫路市香寺町中屋,ひめじしこうでらちょうなかや,2820100,1,,
2820137,姫路市家島町真浦,ひめじしいえしまちょうまうら,2820100,1,,
2820141,姫路市豊富,ひめじしとよとみ,2820100,1,,
2820142,姫路市本町,ひめじしほんまち,2820100,1,,
2820143,姫路市網干,ひめじしあぼし,2820100,1,,
2820145,姫路市白浜,ひめじししらはま,2820100,1,,
2820146,姫路市林田,ひめじしはやしだ,2820100,1,,
2820800,相生市旭,あいおいしあさひ,2820800,1,1,
2821220,赤穂市加里屋,あこうしかりや,2821200,1,,
2822701,宍粟市山崎町中広瀬,しそうしやまさきちょうなかびろせ,2822700,1,1,
2822720,宍粟市山崎町船元,しそうしやまさきちょうふなもと,2822700,1,,
2822721,宍粟市波賀町,しそうしはがちょう,2822700,1,,
2822734,宍粟市一宮町,しそうしいちのみやちょう,2822700,1,,
2822735,宍粟市千種町,しそうしちくさちょう,2822700,1,,
2822920,たつの市龍野町,たつのしたつのちょう,2822900,1,,
2822930,たつの市新宮町,たつのししんぐうちょう,2822900,1,,
2822931,たつの市揖保川町,たつのしいぼがわちょう,2822900,1,,
2822933,たつの市御津町,たつのしみつちょう,2822900,1,,
2844220,市川町西川辺,いちかわちょうにしかわなべ,2844200,1,,
2844330,福崎町南田原,ふくさきちょうみなみたわら,2844300,1,,
2844631,兵庫神河町寺前,ひょうごかみかわちょうてらまえ,2844600,1,,
2844632,兵庫神河町新田,ひょうごかみかわちょうしんでん,2844600,1,,
2846431,兵庫太子町鵤,ひょうごたいしちょういかるが,2846400,1,,
2848131,上郡町大持,かみごおりちょうだいもち,2848100,1,,
2850120,佐用町上月,さようちょうこうづき,2850100,1,,
2850130,佐用町佐用,さようちょうさよう,2850100,1,,
2850131,佐用町下徳久,さようちょうしもとくさ,2850100,1,,
2850133,佐用町三日月,さようちょうみかづき,2850100,1,,
2820501,洲本市物部,すもとしものべ,2820500,1,1,
2820520,洲本市五色町都志,すもとしごしきちょうつし,2820500,1,,
2820521,洲本市山手,すもとしやまて,2820500,1,,
2822401,南あわじ市福良,みなみあわじしふくら,2822400,1,1,
2822420,南あわじ市北阿万,みなみあわじしきたあま,2822400,1,,
2822430,南あわじ市広田,みなみあわじしひろた,2822400,1,,
2822433,南あわじ市市,みなみあわじしいち,2822400,1,,
2822434,南あわじ市湊,みなみあわじしみなと,2822400,1,,
2822602,淡路市長澤,あわじしながさわ,2822600,1,1,
2822603,淡路市富島,あわじしとしま,2822600,1,1,
2822620,淡路市久留麻,あわじしくるま,2822600,1,,
2822632,淡路市郡家,あわじしぐんげ,2822600,1,,
2822633,淡路市志筑,あわじししづき,2822600,1,,
2822634,淡路市岩屋,あわじしいわや,2822600,1,,
2920102,奈良市西紀寺町,ならしにしきでらちょう,2920100,1,1,
2920131,奈良市月ヶ瀬尾山,ならしつきがせおやま,2920100,1,,
2920133,奈良市二条大路南,ならしにじょうおおじみなみ,2920100,1,,
2920134,奈良市都祁白石町,ならしつげしらいしちょう,2920100,1,,
2920220,大和高田市野口,やまとたかだしのぐち,2920200,1,,
2920231,大和高田市大中,やまとたかだしおおなか,2920200,1,,
2920330,大和郡山市北郡山町,やまとこおりやましきたこおりやまちょう,2920300,1,,
2920431,天理市川原城町,てんりしかわはらじょうちょう,2920400,1,,
2920531,橿原市八木町,かしはらしやぎちょう,2920500,1,,
2920601,桜井市初瀬,さくらいしはせ,2920600,1,1,
2920632,桜井市粟殿,さくらいしおおどの,2920600,1,,
2920732,五條市大塔町辻堂,ごじょうしおおとうちょうつじどう,2920700,1,,
2920733,五條市西吉野町,ごじょうしにしよしのちょう,2920700,1,,
2920734,五條市岡口,ごじょうしおかぐち,2920700,1,,
2920830,御所市役所,ごせしやくしょ,2920800,1,,
2920930,生駒市東新町,いこましひがししんまち,2920900,1,,
2921031,香芝市本町,かしばしほんまち,2921000,1,,
2921130,葛城市柿本,かつらぎしかきのもと,2921100,1,,
2921231,宇陀市菟田野松井,うだしうたのまつい,2921200,1,,
2921232,宇陀市榛原下井足,うだしはいばらしもいだに,2921200,1,,
2921233,宇陀市室生大野,うだしむろうおおの,2921200,1,,
2921234,宇陀市大宇陀迫間,うだしおおうだはさま,2921200,1,,
2932231,山添村大西,やまぞえむらおおにし,2932200,1,,
2934200,平群町鳴川,へぐりちょうなるかわ,2934200,1,1,
2934230,平群町吉新,へぐりちょうよししん,2934200,1,,
2934330,三郷町勢野西,さんごうちょうせやにし,2934300,1,,
2934430,斑鳩町法隆寺西,いかるがちょうほうりゅうじにし,2934400,1,,
2934530,安堵町東安堵,あんどちょうひがしあんど,2934500,1,,
2936131,奈良川西町結崎,ならかわにしちょうゆうざき,2936100,1,,
2936231,三宅町伴堂,みやけちょうともんど,2936200,1,,
2936331,田原本町役場,たわらもとちょうやくば,2936300,1,,
2938530,曽爾村今井,そにむらいまい,2938500,1,,
2938630,御杖村菅野,みつえむらすがの,2938600,1,,
2940131,高取町観覚寺,たかとりちょうかんがくじ,2940100,1,,
2940231,明日香村橘,あすかむらたちばな,2940200,1,,
2942430,上牧町上牧,かんまきちょうかんまき,2942400,1,,
2942531,王寺町王寺,おうじちょうおうじ,2942500,1,,
2942631,広陵町南郷,こうりょうちょうなんごう,2942600,1,,
2942730,河合町池部,かわいちょういけべ,2942700,1,,
2944131,吉野町上市,よしのちょうかみいち,2944100,1,,
2944201,大淀町桧垣本,おおよどちょうひがいもと,2944200,1,1,
2944330,下市町下市,しもいちちょうしもいち,2944300,1,,
2944432,黒滝村寺戸,くろたきむらてらど,2944400,1,,
2944600,天川村洞川,てんかわむらどろがわ,2944600,1,,
2944631,天川村沢谷,てんかわむらさわたに,2944600,1,,
2944730,野迫川村北股,のせがわむらきたまた,2944700,1,,
2944932,十津川村小原,とつかわむらおはら,2944900,1,,
2945031,下北山村寺垣内,しもきたやまむらてらがいと,2945000,1,,
2945131,上北山村河合,かみきたやまむらかわい,2945100,1,,
2945230,奈良川上村迫,ならかわかみむらさこ,2945200,1,,
2945332,東吉野村小川,ひがしよしのむらおがわ,2945300,1,,
3020100,和歌山市男野芝丁,わかやましおのしばちょう,3020100,1,1,
3020120,和歌山市一番丁,わかやましいちばんちょう,3020100,1,,
3020233,海南市南赤坂,かいなんしみなみあかさか,3020200,1,,
3020234,海南市下津,かいなんししもつ,3020200,1,,
3020330,橋本市東家,はしもとしとうげ,3020300,1,,
3020332,橋本市高野口町名倉,はしもとしこうやぐちちょうなぐら,3020300,1,,
3020401,有田市箕島,ありだしみのしま,3020400,1,1,
3020420,有田市初島町,ありだしはつしまちょう,3020400,1,,
3020500,御坊市薗,ごぼうしその,3020500,1,1,
3020520,御坊市湯川,ごぼうしゆかわ,3020500,1,,
3020801,紀の川市粉河,きのかわしこかわ,3020800,1,1,
3020821,紀の川市那賀総合センター,きのかわしながそうごうせんたー,3020800,1,,
3020833,紀の川市貴志川町神戸,きのかわしきしがわちょうこうど,3020800,1,,
3020835,紀の川市西大井,きのかわしにしおおい,3020800,1,,
3020836,紀の川市桃山町元,きのかわしももやまちょうもと,3020800,1,,
3020930,岩出市西野,いわでしにしの,3020900,1,,
3030430,紀美野町下佐々,きみのちょうしもささ,3030400,1,,
3030432,紀美野町神野市場,きみのちょうこうのいちば,3030400,1,,
3034130,かつらぎ町丁ノ町,かつらぎちょうちょうのまち,3034100,1,,
3034132,かつらぎ町花園梁瀬,かつらぎちょうはなぞのやなせ,3034100,1,,
3034330,九度山町九度山,くどやまちょうくどやま,3034300,1,,
3034401,高野町高野山中学校,こうやちょうこうやさんちゅうがっこう,3034400,1,1,
3034420,高野町役場,こうやちょうやくば,3034400,1,,
3036131,湯浅町青木,ゆあさちょうあおき,3036100,1,,
3036231,和歌山広川町広,わかやまひろがわちょうひろ,3036200,1,,
3036620,有田川町清水,ありだがわちょうしみず,3036600,1,,
3036632,有田川町下津野,ありだがわちょうしもつの,3036600,1,,
3036633,有田川町中井原,ありだがわちょうなかいばら,3036600,1,,
3038130,和歌山美浜町和田,わかやまみはまちょうわだ,3038100,1,,
3038230,和歌山日高町高家,わかやまひだかちょうたいえ,3038200,1,,
3038330,由良町里,ゆらちょうさと,3038300,1,,
3039032,和歌山印南町印南,わかやまいなみちょういなみ,3039000,1,,
3039100,みなべ町土井,みなべちょうどい,3039100,1,1,
3039131,みなべ町芝,みなべちょうしば,3039100,1,,
3039233,日高川町土生,ひだかがわちょうはぶ,3039200,1,,
3039234,日高川町高津尾,ひだかがわちょうたかつお,3039200,1,,
3039235,日高川町川原河,ひだかがわちょうかわはらごう,3039200,1,,
3020600,田辺市中辺路町近露,たなべしなかへちちょうちかつゆ,3020600,1,1,
3020630,田辺市中辺路町栗栖川,たなべしなかへちちょうくりすがわ,3020600,1,,
3020632,田辺市本宮町本宮,たなべしほんぐうちょうほんぐう,3020600,1,,
3020633,田辺市鮎川,たなべしあゆかわ,3020600,1,,
3020635,田辺市龍神村西,たなべしりゅうじんむらにし,3020600,1,,
3020636,田辺市東山,たなべしひがしやま,3020600,1,,
3020702,新宮市新宮,しんぐうししんぐう,3020700,1,1,
3020720,新宮市磐盾,しんぐうしいわたて,3020700,1,,
3020730,新宮市熊野川町日足,しんぐうしくまのがわちょうひたり,3020700,1,,
3040102,白浜町消防本部,しらはまちょうしょうぼうほんぶ,3040100,1,1,
3040130,白浜町日置,しらはまちょうひき,3040100,1,,
3040430,上富田町朝来,かみとんだちょうあっそ,3040400,1,,
3040620,すさみ町周参見,すさみちょうすさみ,3040600,1,,
3042133,那智勝浦町天満,なちかつうらちょうてんま,3042100,1,,
3042220,太地町太地暖海公園,たいじちょうたいじあたみこうえん,3042200,1,,
3042230,太地町役場,たいじちょうやくば,3042200,1,,
3042401,古座川町高池,こざがわちょうたかいけ,3042400,1,1,
3042730,北山村大沼,きたやまむらおおぬま,3042700,1,,
3042801,串本町潮岬,くしもとちょうしおのみさき,3042800,1,,
3042820,串本町串本,くしもとちょうくしもと,3042800,1,,
3042830,串本町古座,くしもとちょうこざ,3042800,1,,
3120100,鳥取市吉方,とっとりしよしかた,3120100,1,1,
3120120,鳥取市吉成,とっとりしよしなり,3120100,1,,
3120121,鳥取市鹿野町鹿野小学校,とっとりししかのちょうしかのしょうがっこう,3120100,1,,
3120131,鳥取市福部町細川,とっとりしふくべちょうほそがわ,3120100,1,,
3120133,鳥取市用瀬町用瀬,とっとりしもちがせちょうもちがせ,3120100,1,,
3120134,鳥取市佐治町加瀬木,とっとりしさじちょうかせぎ,3120100,1,,
3120136,鳥取市鹿野町鹿野,とっとりししかのちょうしかの,3120100,1,,
3120138,鳥取市国府町宮下,とっとりしこくふちょうみやのした,3120100,1,,
3120139,鳥取市気高町浜村,とっとりしけたかちょうはまむら,3120100,1,,
3120140,鳥取市河原町渡一木,とっとりしかわはらちょうわたりひとつぎ,3120100,1,,
3120141,鳥取市青谷町青谷,とっとりしあおやちょうあおや,3120100,1,,
3130201,岩美町浦富,いわみちょううらどめ,3130200,1,1,
3132530,鳥取若桜町若桜,とっとりわかさちょうわかさ,3132500,1,,
3132800,智頭町智頭,ちづちょうちづ,3132800,1,1,
3132930,八頭町郡家,やずちょうこおげ,3132900,1,,
3132931,八頭町船岡,やずちょうふなおか,3132900,1,,
3132932,八頭町北山,やずちょうきたやま,3132900,1,,
3120301,倉吉市岩倉長峯,くらよししいわくらながみね,3120300,1,1,
3120320,倉吉市葵町,くらよししあおいまち,3120300,1,,
3120330,倉吉市関金町大鳥居,くらよししせきがねちょうおおどりい,3120300,1,,
3136431,三朝町大瀬,みささちょうおおぜ,3136400,1,,
3137030,湯梨浜町久留,ゆりはまちょうひさどめ,3137000,1,,
3137032,湯梨浜町龍島,ゆりはまちょうりゅうとう,3137000,1,,
3137033,湯梨浜町泊,ゆりはまちょうとまり,3137000,1,,
3137120,琴浦町赤碕中学校,ことうらちょうあかさきちゅうがっこう,3137100,1,,
3137131,琴浦町赤碕,ことうらちょうあかさき,3137100,1,,
3137132,琴浦町徳万,ことうらちょうとくまん,3137100,1,,
3137231,北栄町由良宿,ほくえいちょうゆらしゅく,3137200,1,,
3137232,北栄町土下,ほくえいちょうはした,3137200,1,,
3120202,米子市博労町,よなごしばくろうまち,3120200,1,1,
3120220,米子市東町,よなごしひがしちょう,3120200,1,,
3120230,米子市淀江町,よなごしよどえちょう,3120200,1,,
3120401,境港市東本町,さかいみなとしひがしほんまち,3120400,1,1,
3120432,境港市竹内町,さかいみなとしたけのうちちょう,3120400,1,,
3138431,日吉津村日吉津,ひえづそんひえづ,3138400,1,,
3138631,大山町御来屋,だいせんちょうみくりや,3138600,1,,
3138633,大山町末長,だいせんちょうすえなが,3138600,1,,
3138634,大山町赤坂,だいせんちょうあかざか,3138600,1,,
3138930,鳥取南部町法勝寺,とっとりなんぶちょうほっしょうじ,3138900,1,,
3138931,鳥取南部町天萬,とっとりなんぶちょうてんまん,3138900,1,,
3139030,伯耆町吉長,ほうきちょうよしなが,3139000,1,,
3139031,伯耆町溝口,ほうきちょうみぞくち,3139000,1,,
3140120,日南町生山,にちなんちょうしょうやま,3140100,1,,
3140131,日南町霞,にちなんちょうかすみ,3140100,1,,
3140231,鳥取日野町根雨,とっとりひのちょうねう,3140200,1,,
3140320,江府町上之段広場,こうふちょうじょうのだんひろば,3140300,1,,
3140332,江府町江尾,こうふちょうえび,3140300,1,,
3220101,松江市西生馬町,まつえしにしいくまちょう,3220100,1,1,
3220102,松江市西津田,まつえしにしつだ,3220100,1,1,
3220120,松江市学園南,まつえしがくえんみなみ,3220100,1,,
3220122,松江市美保関総合運動公園,まつえしみほのせきそうごううんどうこうえん,3220100,1,,
3220144,松江市鹿島町佐陀本郷,まつえしかしまちょうさだほんごう,3220100,1,,
3220145,松江市玉湯町湯町,まつえしたまゆちょうゆまち,3220100,1,,
3220146,松江市島根町加賀,まつえししまねちょうかか,3220100,1,,
3220147,松江市八束町波入,まつえしやつかちょうはにゅう,3220100,1,,
3220148,松江市東出雲町揖屋,まつえしひがしいずもちょういや,3220100,1,,
3220149,松江市八雲町西岩坂,まつえしやくもちょうにしいわさか,3220100,1,,
3220150,松江市宍道町宍道,まつえししんじちょうしんじ,3220100,1,,
3220301,出雲市今市町,いずもしいまいちちょう,3220300,1,1,
3220302,出雲市坂浦町,いずもしさかうらちょう,3220300,1,1,
3220320,出雲市塩冶有原町,いずもしえんやありはらちょう,3220300,1,,
3220340,出雲市多伎町小田,いずもしたきちょうおだ,3220300,1,,
3220341,出雲市佐田町反辺,いずもしさだちょうたんべ,3220300,1,,
3220342,出雲市湖陵町二部,いずもしこりょうちょうにぶ,3220300,1,,
3220343,出雲市斐川町上庄原,いずもしひかわちょうかみしょうばら,3220300,1,,
3220344,出雲市平田町,いずもしひらたちょう,3220300,1,,
3220345,出雲市大社町杵築南,いずもしたいしゃちょうきづきみなみ,3220300,1,,
3220620,安来市広瀬町広瀬祖父谷丁,やすぎしひろせちょうひろせおじだにちょう,3220600,1,,
3220635,安来市伯太町東母里,やすぎしはくたちょうひがしもり,3220600,1,,
3220636,安来市安来町,やすぎしやすぎちょう,3220600,1,,
3220900,雲南市大東町大東,うんなんしだいとうちょうだいとう,3220900,1,1,
3220939,雲南市掛合町掛合,うんなんしかけやちょうかけや,3220900,1,,
3220940,雲南市三刀屋町三刀屋,うんなんしみとやちょうみとや,3220900,1,,
3220941,雲南市加茂町加茂中,うんなんしかもちょうかもなか,3220900,1,,
3220942,雲南市吉田町吉田,うんなんしよしだちょうよしだ,3220900,1,,
3220943,雲南市木次町里方,うんなんしきすきちょうさとがた,3220900,1,,
3234320,奥出雲町横田,おくいずもちょうよこた,3234300,1,,
3234334,奥出雲町三成,おくいずもちょうみなり,3234300,1,,
3238635,飯南町頓原,いいなんちょうとんばら,3238600,1,,
3238636,飯南町下赤名,いいなんちょうしもあかな,3238600,1,,
3220201,浜田市大辻町,はまだしおおつじちょう,3220200,1,1,
3220220,浜田市野原町,はまだしのばらちょう,3220200,1,,
3220237,浜田市金城町下来原,はまだしかなぎちょうしもくるばら,3220200,1,,
3220238,浜田市三隅町三隅,はまだしみすみちょうみすみ,3220200,1,,
3220239,浜田市旭町今市,はまだしあさひちょういまいち,3220200,1,,
3220240,浜田市弥栄町長安本郷,はまだしやさかちょうながやすほんごう,3220200,1,,
3220241,浜田市殿町,はまだしとのまち,3220200,1,,
3220400,益田市匹見町石谷,ますだしひきみちょういしだに,3220400,1,1,
3220420,益田市水分町,ますだしみずわけちょう,3220400,1,,
3220434,益田市常盤町,ますだしときわちょう,3220400,1,,
3220435,益田市匹見町匹見,ますだしひきみちょうひきみ,3220400,1,,
3220436,益田市美都町都茂,ますだしみとちょうつも,3220400,1,,
3220534,大田市仁摩町仁万,おおだしにまちょうにま,3220500,1,,
3220535,大田市温泉津町小浜,おおだしゆのつちょうこはま,3220500,1,,
3220536,大田市大田町,おおだしおおだちょう,3220500,1,,
3220733,江津市江津町,ごうつしごうつちょう,3220700,1,,
3220734,江津市桜江町川戸,ごうつしさくらえちょうかわど,3220700,1,,
3244132,川本町川本,かわもとまちかわもと,3244100,1,,
3244800,島根美郷町君谷,しまねみさとちょうきみたに,3244800,1,1,
3244833,島根美郷町粕淵,しまねみさとちょうかすぶち,3244800,1,,
3244834,島根美郷町都賀本郷,しまねみさとちょうつがほんごう,3244800,1,,
3244920,邑南町淀原,おおなんちょうよどはら,3244900,1,,
3244934,邑南町下口羽,おおなんちょうしもくちば,3244900,1,,
3244935,邑南町矢上,おおなんちょうやかみ,3244900,1,,
3244936,邑南町瑞穂支所,おおなんちょうみずほししょ,3244900,1,,
3250133,津和野町後田,つわのちょううしろだ,3250100,1,,
3250134,津和野町枕瀬,つわのちょうまくらせ,3250100,1,,
3250520,吉賀町六日市,よしかちょうむいかいち,3250500,1,,
3250533,吉賀町柿木村柿木,よしかちょうかきのきむらかきのき,3250500,1,,
3252531,海士町海士,あまちょうあま,3252500,1,,
3252620,西ノ島町浦郷小学校,にしのしまちょううらごうしょうがっこう,3252600,1,,
3252731,知夫村役場,ちぶむらやくば,3252700,1,,
3252801,隠岐の島町西町,おきのしまちょうにしまち,3252800,1,1,
3252802,隠岐の島町山田,おきのしまちょうやまだ,3252800,1,1,
3252835,隠岐の島町下西,おきのしまちょうしもにし,3252800,1,,
3252836,隠岐の島町布施,おきのしまちょうふせ,3252800,1,,
3252837,隠岐の島町都万,おきのしまちょうつま,3252800,1,,
3252838,隠岐の島町北方,おきのしまちょうきたがた,3252800,1,,
3320301,津山市林田,つやましはいだ,3320300,1,1,
3320320,津山市小中原,つやましこなかばら,3320300,1,,
3320330,津山市山北,つやましやまきた,3320300,1,,
3320333,津山市新野東,つやましにいのひがし,3320300,1,,
3320334,津山市中北下,つやましなかきたしも,3320300,1,,
3320336,津山市阿波,つやましあば,3320300,1,,
3320337,津山市加茂町,つやましかもちょう,3320300,1,,
3321000,新見市新見,にいみしにいみ,3321000,1,1,
3321020,新見市唐松,にいみしからまつ,3321000,1,,
3321032,新見市神郷下神代,にいみししんごうしもこうじろ,3321000,1,,
3321033,新見市哲多町本郷,にいみしてったちょうほんごう,3321000,1,,
3321034,新見市哲西町矢田,にいみしてっせいちょうやだ,3321000,1,,
3321035,新見市大佐小阪部,にいみしおおさおさかべ,3321000,1,,
3321036,新見市千屋実,にいみしちやさね,3321000,1,,
3321420,真庭市下方,まにわししもがた,3321400,1,,
3321422,真庭市禾津,まにわしいなつ,3321400,1,,
3321430,真庭市下呰部,まにわししもあざえ,3321400,1,,
3321431,真庭市勝山,まにわしかつやま,3321400,1,,
3321433,真庭市豊栄,まにわしとよさか,3321400,1,,
3321438,真庭市蒜山下和,まにわしひるぜんしたお,3321400,1,,
3321439,真庭市蒜山下福田,まにわしひるぜんしもふくだ,3321400,1,,
3321440,真庭市美甘,まにわしみかも,3321400,1,,
3321441,真庭市蒜山上福田,まにわしひるぜんかみふくだ,3321400,1,,
3321442,真庭市久世,まにわしくせ,3321400,1,,
3321443,真庭市落合垂水,まにわしおちあいたるみ,3321400,1,,
3321500,美作市尾谷,みまさかしおたに,3321500,1,1,
3321530,美作市真加部,みまさかしまかべ,3321500,1,,
3321531,美作市古町,みまさかしふるまち,3321500,1,,
3321533,美作市栄町,みまさかしさかえまち,3321500,1,,
3321535,美作市福本,みまさかしふくもと,3321500,1,,
3321536,美作市江見,みまさかしえみ,3321500,1,,
3321537,美作市太田,みまさかしおおた,3321500,1,,
3358630,新庄村役場,しんじょうそんやくば,3358600,1,,
3360632,鏡野町井坂,かがみのちょういざか,3360600,1,,
3360634,鏡野町富西谷,かがみのちょうとみにしだに,3360600,1,,
3360635,鏡野町竹田,かがみのちょうたけだ,3360600,1,,
3360636,鏡野町上齋原,かがみのちょうかみさいばら,3360600,1,,
3362230,勝央町勝間田,しょうおうちょうかつまた,3362200,1,,
3362330,奈義町豊沢,なぎちょうとよさわ,3362300,1,,
3364331,西粟倉村影石,にしあわくらそんかげいし,3364300,1,,
3366332,久米南町下弓削,くめなんちょうしもゆげ,3366300,1,,
3366630,岡山美咲町原田,おかやまみさきちょうはらだ,3366600,1,,
3366631,岡山美咲町西川,おかやまみさきちょうにしがわ,3366600,1,,
3366633,岡山美咲町久木,おかやまみさきちょうひさぎ,3366600,1,,
3310100,岡山北区桑田町,おかやまきたくくわだちょう,3310100,1,1,
3310101,岡山北区足守,おかやまきたくあしもり,3310100,1,1,
3310120,岡山北区新屋敷,おかやまきたくしんやしき,3310100,1,,
3310130,岡山北区大供,おかやまきたくだいく,3310100,1,,
3310131,岡山北区御津金川,おかやまきたくみつかながわ,3310100,1,,
3310132,岡山北区建部町,おかやまきたくたけべちょう,3310100,1,,
3310231,岡山中区浜,おかやまなかくはま,3310200,1,,
3310330,岡山東区瀬戸町,おかやまひがしくせとちょう,3310300,1,,
3310332,岡山東区西大寺南,おかやまひがしくさいだいじみなみ,3310300,1,,
3310430,岡山南区片岡,おかやまみなみくかたおか,3310400,1,,
3310431,岡山南区浦安南町,おかやまみなみくうらやすみなみまち,3310400,1,,
3320200,倉敷市新田,くらしきししんでん,3320200,1,1,
3320220,倉敷市沖,くらしきしおき,3320200,1,,
3320221,倉敷市下津井,くらしきししもつい,3320200,1,,
3320230,倉敷市白楽町,くらしきしばくろちょう,3320200,1,,
3320232,倉敷市真備町,くらしきしまびちょう,3320200,1,,
3320233,倉敷市児島小川町,くらしきしこじまおがわちょう,3320200,1,,
3320234,倉敷市水島北幸町,くらしきしみずしまきたさいわいちょう,3320200,1,,
3320235,倉敷市玉島阿賀崎,くらしきしたましまあがさき,3320200,1,,
3320236,倉敷市船穂町,くらしきしふなおちょう,3320200,1,,
3320431,玉野市田井,たまのしたい,3320400,1,,
3320520,笠岡市殿川,かさおかしとのかわ,3320500,1,,
3320530,笠岡市笠岡,かさおかしかさおか,3320500,1,,
3320732,井原市井原町,いばらしいばらちょう,3320700,1,,
3320733,井原市美星町,いばらしびせいちょう,3320700,1,,
3320734,井原市芳井町,いばらしよしいちょう,3320700,1,,
3320834,総社市地頭片山,そうじゃしじとうかたやま,3320800,1,,
3320835,総社市清音軽部,そうじゃしきよねかるべ,3320800,1,,
3320836,総社市小寺,そうじゃしこでら,3320800,1,,
3320920,高梁市原田南町,たかはししはらだみなみちょう,3320900,1,,
3320934,高梁市備中町,たかはししびっちゅうちょう,3320900,1,,
3320935,高梁市有漢町,たかはししうかんちょう,3320900,1,,
3320936,高梁市松原通,たかはししまつばらどおり,3320900,1,,
3320937,高梁市成羽町,たかはししなりわちょう,3320900,1,,
3320938,高梁市川上町,たかはししかわかみちょう,3320900,1,,
3321100,備前市伊部,びぜんしいんべ,3321100,1,1,
3321121,備前市福田,びぜんしふくだ,3321100,1,,
3321131,備前市日生町,びぜんしひなせちょう,3321100,1,,
3321133,備前市吉永町,びぜんしよしながちょう,3321100,1,,
3321134,備前市東片上,びぜんしひがしかたかみ,3321100,1,,
3321231,瀬戸内市牛窓町,せとうちしうしまどちょう,3321200,1,,
3321232,瀬戸内市邑久町,せとうちしおくちょう,3321200,1,,
3321234,瀬戸内市長船町,せとうちしおさふねちょう,3321200,1,,
3321300,赤磐市上市,あかいわしかみいち,3321300,1,1,
3321330,赤磐市町苅田,あかいわしまちかんだ,3321300,1,,
3321331,赤磐市松木,あかいわしまつき,3321300,1,,
3321332,赤磐市周匝,あかいわしすさい,3321300,1,,
3321600,浅口市天草公園,あさくちしあまくさこうえん,3321600,1,1,
3321632,浅口市寄島町,あさくちしよりしまちょう,3321600,1,,
3321633,浅口市鴨方町,あさくちしかもがたちょう,3321600,1,,
3321634,浅口市金光町,あさくちしこんこうちょう,3321600,1,,
3334630,和気町尺所,わけちょうしゃくそ,3334600,1,,
3334632,和気町矢田,わけちょうやた,3334600,1,,
3342330,早島町前潟,はやしまちょうまえがた,3342300,1,,
3344530,里庄町里見,さとしょうちょうさとみ,3344500,1,,
3346130,矢掛町矢掛,やかげちょうやかげ,3346100,1,,
3368130,吉備中央町下加茂,きびちゅうおうちょうしもがも,3368100,1,,
3368131,吉備中央町豊野,きびちゅうおうちょうとよの,3368100,1,,
3420900,広島三次市十日市中,ひろしまみよししとうかいちなか,3420900,1,1,
3420920,広島三次市三次町,ひろしまみよししみよしまち,3420900,1,,
3420921,広島三次市甲奴図書館,ひろしまみよししこうぬとしょかん,3420900,1,,
3420933,広島三次市布野町,ひろしまみよししふのちょう,3420900,1,,
3420934,広島三次市作木町,ひろしまみよししさくぎちょう,3420900,1,,
3420937,広島三次市三和町,ひろしまみよししみわちょう,3420900,1,,
3420938,広島三次市三良坂町,ひろしまみよししみらさかちょう,3420900,1,,
3420939,広島三次市君田町,ひろしまみよししきみたちょう,3420900,1,,
3420941,広島三次市吉舎町,ひろしまみよししきさちょう,3420900,1,,
3421000,庄原市西城町熊野,しょうばらしさいじょうちょうくまの,3421000,1,1,
3421020,庄原市西城町大佐,しょうばらしさいじょうちょうおおさ,3421000,1,,
3421021,庄原市東城町,しょうばらしとうじょうちょう,3421000,1,,
3421022,庄原市高野町,しょうばらしたかのちょう,3421000,1,,
3421031,庄原市総領町,しょうばらしそうりょうちょう,3421000,1,,
3421034,庄原市口和町,しょうばらしくちわちょう,3421000,1,,
3421036,庄原市比和町,しょうばらしひわちょう,3421000,1,,
3421037,庄原市中本町,しょうばらしなかほんまち,3421000,1,,
3421421,安芸高田市向原町長田,あきたかたしむかいはらちょうながた,3421400,1,,
3421431,安芸高田市八千代町,あきたかたしやちよちょう,3421400,1,,
3421433,安芸高田市高宮町,あきたかたしたかみやちょう,3421400,1,,
3421435,安芸高田市向原町,あきたかたしむかいはらちょう,3421400,1,,
3421437,安芸高田市吉田町,あきたかたしよしだちょう,3421400,1,,
3421438,安芸高田市美土里町,あきたかたしみどりちょう,3421400,1,,
3421439,安芸高田市甲田町,あきたかたしこうだちょう,3421400,1,,
3436830,安芸太田町加計,あきおおたちょうかけ,3436800,1,,
3436833,安芸太田町中筒賀,あきおおたちょうなかつつが,3436800,1,,
3436834,安芸太田町戸河内,あきおおたちょうとごうち,3436800,1,,
3436901,北広島町都志見,きたひろしまちょうつしみ,3436900,1,1,
3436902,北広島町有田,きたひろしまちょうありだ,3436900,1,1,
3436920,北広島町豊平郵便局,きたひろしまちょうとよひらゆうびんきょく,3436900,1,,
3436921,北広島町川小田,きたひろしまちょうかわこだ,3436900,1,,
3436931,北広島町大朝,きたひろしまちょうおおあさ,3436900,1,,
3420400,三原市円一町,みはらしえんいちちょう,3420400,1,1,
3420401,広島空港,ひろしまくうこう,3420400,1,1,
3420420,三原市館町,みはらしやかたまち,3420400,1,,
3420433,三原市大和町,みはらしだいわちょう,3420400,1,,
3420436,三原市久井町,みはらしくいちょう,3420400,1,,
3420437,三原市本郷南,みはらしほんごうみなみ,3420400,1,,
3420520,尾道市長江,おのみちしながえ,3420500,1,,
3420522,尾道市因島土生町,おのみちしいんのしまはぶちょう,3420500,1,,
3420535,尾道市向島町,おのみちしむかいしまちょう,3420500,1,,
3420537,尾道市瀬戸田町,おのみちしせとだちょう,3420500,1,,
3420538,尾道市御調町,おのみちしみつぎちょう,3420500,1,,
3420539,尾道市久保,おのみちしくぼ,3420500,1,,
3420700,福山市松永町,ふくやましまつながちょう,3420700,1,1,
3420720,福山市東桜町,ふくやましひがしさくらまち,3420700,1,,
3420731,福山市駅家町,ふくやましえきやちょう,3420700,1,,
3420739,福山市鞆町,ふくやましともちょう,3420700,1,,
3420740,福山市新市町,ふくやまししんいちちょう,3420700,1,,
3420741,福山市沼隈町,ふくやましぬまくまちょう,3420700,1,,
3420743,福山市神辺町,ふくやましかんなべちょう,3420700,1,,
3420744,福山市内海町,ふくやましうつみちょう,3420700,1,,
3420821,広島府中市府川町,ひろしまふちゅうしふかわちょう,3420800,1,,
3420832,広島府中市上下町上下,ひろしまふちゅうしじょうげちょうじょうげ,3420800,1,,
3446220,世羅町東神崎,せらちょうひがしかんざき,3446200,1,,
3446231,世羅町西上原,せらちょうにしうえはら,3446200,1,,
3446232,世羅町小国,せらちょうおぐに,3446200,1,,
3454520,神石高原町油木,じんせきこうげんちょうゆき,3454500,1,,
3454534,神石高原町高光,じんせきこうげんちょうたかみつ,3454500,1,,
3454535,神石高原町下豊松,じんせきこうげんちょうしもとよまつ,3454500,1,,
3454536,神石高原町小畠,じんせきこうげんちょうこばたけ,3454500,1,,
3410100,広島中区上八丁堀,ひろしまなかくかみはっちょうぼり,3410100,1,1,
3410120,広島中区羽衣町,ひろしまなかくはごろもちょう,3410100,1,,
3410231,広島東区福田,ひろしまひがしくふくだ,3410200,1,,
3410330,広島南区宇品海岸,ひろしまみなみくうじなかいがん,3410300,1,,
3410430,広島西区己斐,ひろしまにしくこい,3410400,1,,
3410531,広島安佐南区祇園,ひろしまあさみなみくぎおん,3410500,1,,
3410630,広島安佐北区可部南,ひろしまあさきたくかべみなみ,3410600,1,,
3410730,広島安芸区中野,ひろしまあきくなかの,3410700,1,,
3410830,広島佐伯区利松,ひろしまさえきくとしまつ,3410800,1,,
3410832,広島佐伯区湯来町和田,ひろしまさえきくゆきちょうわだ,3410800,1,,
3420200,呉市宝町,くれしたからまち,3420200,1,1,
3420202,呉市音戸中学校,くれしおんどちゅうがっこう,3420200,1,1,
3420221,呉市二河町,くれしにこうちょう,3420200,1,,
3420230,呉市広,くれしひろ,3420200,1,,
3420232,呉市郷原町,くれしごうはらちょう,3420200,1,,
3420234,呉市下蒲刈町,くれししもかまがりちょう,3420200,1,,
3420240,呉市豊浜町,くれしとよはまちょう,3420200,1,,
3420242,呉市焼山,くれしやけやま,3420200,1,,
3420243,呉市川尻町,くれしかわじりちょう,3420200,1,,
3420244,呉市音戸町,くれしおんどちょう,3420200,1,,
3420245,呉市蒲刈町,くれしかまがりちょう,3420200,1,,
3420246,呉市安浦町,くれしやすうらちょう,3420200,1,,
3420247,呉市豊町,くれしゆたかまち,3420200,1,,
3420320,竹原市中央,たけはらしちゅうおう,3420300,1,,
3421130,大竹市小方,おおたけしおがた,3421100,1,,
3421200,東広島市黒瀬町,ひがしひろしましくろせちょう,3421200,1,1,
3421220,東広島市西条栄町,ひがしひろしましさいじょうさかえまち,3421200,1,,
3421235,東広島市福富町,ひがしひろしましふくとみちょう,3421200,1,,
3421236,東広島市豊栄町,ひがしひろしましとよさかちょう,3421200,1,,
3421237,東広島市河内町,ひがしひろしましこうちちょう,3421200,1,,
3421238,東広島市安芸津町,ひがしひろしましあきつちょう,3421200,1,,
3421320,廿日市市大野,はつかいちしおおの,3421300,1,,
3421330,廿日市市下平良,はつかいちししもへら,3421300,1,,
3421335,廿日市市宮島町,はつかいちしみやじまちょう,3421300,1,,
3421336,廿日市市津田,はつかいちしつた,3421300,1,,
3421337,廿日市市吉和,はつかいちしよしわ,3421300,1,,
3421530,江田島市江田島町,えたじましえたじまちょう,3421500,1,,
3421534,江田島市大柿町,えたじましおおがきちょう,3421500,1,,
3421535,江田島市能美町,えたじましのうみちょう,3421500,1,,
3421536,江田島市沖美町,えたじましおきみちょう,3421500,1,,
3430231,府中町大通り,ふちゅうちょうおおどおり,3430200,1,,
3430431,海田町役場,かいたちょうやくば,3430400,1,,
3430731,熊野町役場,くまのちょうやくば,3430700,1,,
3430930,坂町役場,さかちょうやくば,3430900,1,,
3443134,大崎上島町中野,おおさきかみじまちょうなかの,3443100,1,,
3443135,大崎上島町木江,おおさきかみじまちょうきのえ,3443100,1,,
3443136,大崎上島町東野,おおさきかみじまちょうひがしの,3443100,1,,
3620101,徳島市大和町,とくしましやまとちょう,3620100,1,1,
3620120,徳島市津田町,とくしましつだちょう,3620100,1,,
3620131,徳島市新蔵町,とくしまししんくらちょう,3620100,1,,
3620202,鳴門市撫養町,なるとしむやちょう,3620200,1,1,
3620220,鳴門市鳴門町,なるとしなるとちょう,3620200,1,,
3620332,小松島市横須町,こまつしましよこすちょう,3620300,1,,
3620500,吉野川市鴨島町,よしのがわしかもじまちょう,3620500,1,1,
3620533,吉野川市川島町,よしのがわしかわしまちょう,3620500,1,,
3620534,吉野川市山川町,よしのがわしやまかわちょう,3620500,1,,
3620535,吉野川市美郷,よしのがわしみさと,3620500,1,,
3620621,阿波市市場町,あわしいちばちょう,3620600,1,,
3620634,阿波市土成町,あわしどなりちょう,3620600,1,,
3620635,阿波市阿波町,あわしあわちょう,3620600,1,,
3620636,阿波市吉野町,あわしよしのちょう,3620600,1,,
3620701,美馬市穴吹ふれスポ公園,みましあなぶきふれすぽこうえん,3620700,1,,
3620702,美馬市脇町,みましわきまち,3620700,1,1,
3620720,美馬市木屋平,みましこやだいら,3620700,1,,
3620732,美馬市美馬町,みましみまちょう,3620700,1,,
3620733,美馬市穴吹町,みましあなぶきちょう,3620700,1,,
3620802,徳島三好市池田町サラダ,とくしまみよししいけだちょうさらだ,3620800,1,1,
3620820,徳島三好市池田中学校,とくしまみよししいけだちゅうがっこう,3620800,1,,
3620822,徳島三好市東祖谷,とくしまみよししひがしいや,3620800,1,,
3620834,徳島三好市三野町,とくしまみよししみのちょう,3620800,1,,
3620836,徳島三好市井川町,とくしまみよししいかわちょう,3620800,1,,
3620838,徳島三好市西祖谷山村,とくしまみよししにしいややまむら,3620800,1,,
3620839,徳島三好市山城町,とくしまみよししやましろちょう,3620800,1,,
3632130,佐那河内村下,さなごうちそんしも,3632100,1,,
3634132,石井町高川原,いしいちょうたかがわら,3634100,1,,
3634231,神山町神領,かみやまちょうじんりょう,3634200,1,,
3640131,松茂町広島,まつしげちょうひろしま,3640100,1,,
3640231,北島町中村,きたじまちょうなかむら,3640200,1,,
3640331,藍住町奥野,あいずみちょうおくの,3640300,1,,
3640431,板野町大寺,いたのちょうおおてら,3640400,1,,
3640531,上板町七條,かみいたちょうしちじょう,3640500,1,,
3646821,つるぎ町貞光,つるぎちょうさだみつ,3646800,1,,
3646832,つるぎ町半田,つるぎちょうはんだ,3646800,1,,
3646833,つるぎ町一宇,つるぎちょういちう,3646800,1,,
3648932,東みよし町昼間,ひがしみよしちょうひるま,3648900,1,,
3648933,東みよし町加茂,ひがしみよしちょうかも,3648900,1,,
3620400,阿南市富岡町,あなんしとみおかちょう,3620400,1,1,
3620420,阿南市山口町,あなんしやまぐちちょう,3620400,1,,
3620432,阿南市那賀川町,あなんしなかがわちょう,3620400,1,,
3620434,阿南市羽ノ浦町,あなんしはのうらちょう,3620400,1,,
3630131,勝浦町久国,かつうらちょうひさくに,3630100,1,,
3630220,上勝町旭,かみかつちょうあさひ,3630200,1,,
3636800,那賀町横石,なかちょうよこいし,3636800,1,1,
3636820,那賀町木頭和無田,なかちょうきとうわむだ,3636800,1,,
3636830,那賀町和食,なかちょうわじき,3636800,1,,
3636836,那賀町木沢,なかちょうきさわ,3636800,1,,
3636837,那賀町延野,なかちょうのぶの,3636800,1,,
3636838,那賀町上那賀,なかちょうかみなか,3636800,1,,
3638320,牟岐町中村,むぎちょうなかむら,3638300,1,,
3638720,美波町西の地,みなみちょうにしのじ,3638700,1,,
3638731,美波町奥河内,みなみちょうおくがわち,3638700,1,,
3638833,海陽町大里,かいようちょうおおざと,3638800,1,,
3638834,海陽町奥浦,かいようちょうおくうら,3638800,1,,
3638836,海陽町宍喰浦,かいようちょうししくいうら,3638800,1,,
3720101,高松空港,たかまつくうこう,3720100,1,1,
3720102,高松市伏石町,たかまつしふせいしちょう,3720100,1,1,
3720120,高松市扇町,たかまつしおうぎまち,3720100,1,,
3720131,高松市塩江町,たかまつししおのえちょう,3720100,1,,
3720134,高松市香川町,たかまつしかがわちょう,3720100,1,,
3720137,高松市庵治町,たかまつしあじちょう,3720100,1,,
3720138,高松市香南町,たかまつしこうなんちょう,3720100,1,,
3720139,高松市国分寺町,たかまつしこくぶんじちょう,3720100,1,,
3720140,高松市牟礼町,たかまつしむれちょう,3720100,1,,
3720141,高松市番町,たかまつしばんちょう,3720100,1,,
3720620,さぬき市長尾総合公園,さぬきしながおそうごうこうえん,3720600,1,,
3720632,さぬき市志度,さぬきししど,3720600,1,,
3720638,さぬき市寒川町,さぬきしさんがわまち,3720600,1,,
3720639,さぬき市長尾東,さぬきしながおひがし,3720600,1,,
3720701,東かがわ市西村,ひがしかがわしにしむら,3720700,1,1,
3720721,東かがわ市南野,ひがしかがわしみなみの,3720700,1,,
3720733,東かがわ市引田,ひがしかがわしひけた,3720700,1,,
3720734,東かがわ市湊,ひがしかがわしみなと,3720700,1,,
3732201,土庄町淵崎,とのしょうちょうふちざき,3732200,1,1,
3732221,土庄町大部,とのしょうちょうおおべ,3732200,1,,
3732420,小豆島町馬木,しょうどしまちょううまき,3732400,1,,
3732433,小豆島町池田,しょうどしまちょういけだ,3732400,1,,
3732434,小豆島町片城,しょうどしまちょうかたじょう,3732400,1,,
3734130,三木町氷上,みきちょうひかみ,3734100,1,,
3736432,直島町役場,なおしまちょうやくば,3736400,1,,
3720221,丸亀市新田町,まるがめししんでんちょう,3720200,1,,
3720233,丸亀市綾歌町,まるがめしあやうたちょう,3720200,1,,
3720234,丸亀市飯山町,まるがめしはんざんちょう,3720200,1,,
3720235,丸亀市大手町,まるがめしおおてちょう,3720200,1,,
3720300,坂出市王越町,さかいでしおうごしちょう,3720300,1,1,
3720332,坂出市久米町,さかいでしくめちょう,3720300,1,,
3720432,善通寺市文京町,ぜんつうじしぶんきょうちょう,3720400,1,,
3720501,観音寺市坂本町,かんおんじしさかもとちょう,3720500,1,1,
3720520,観音寺市瀬戸町,かんおんじしせとちょう,3720500,1,,
3720532,観音寺市大野原町,かんおんじしおおのはらちょう,3720500,1,,
3720533,観音寺市豊浜町,かんおんじしとよはまちょう,3720500,1,,
3720833,三豊市豊中町,みとよしとよなかちょう,3720800,1,,
3720835,三豊市仁尾町,みとよしにおちょう,3720800,1,,
3720836,三豊市財田町,みとよしさいたちょう,3720800,1,,
3720837,三豊市山本町,みとよしやまもとちょう,3720800,1,,
3720838,三豊市高瀬町,みとよしたかせちょう,3720800,1,,
3720841,三豊市三野町,みとよしみのちょう,3720800,1,,
3720842,三豊市詫間町,みとよしたくまちょう,3720800,1,,
3738631,宇多津町役場,うたづちょうやくば,3738600,1,,
3738732,綾川町山田下,あやがわちょうやまだしも,3738700,1,,
3738733,綾川町滝宮,あやがわちょうたきのみや,3738700,1,,
3740330,琴平町榎井,ことひらちょうえない,3740300,1,,
3740400,多度津町家中,たどつちょうかちゅう,3740400,1,1,
3740432,多度津町栄町,たどつちょうさかえまち,3740400,1,,
3740630,まんのう町造田,まんのうちょうそうだ,3740600,1,,
3740633,まんのう町吉野下,まんのうちょうよしのしも,3740600,1,,
3740634,まんのう町生間,まんのうちょういかま,3740600,1,,
3820200,今治市南宝来町二丁目,いまばりしみなみほうらいちょうにちょうめ,3820200,1,1,
3820230,今治市朝倉北,いまばりしあさくらきた,3820200,1,,
3820231,今治市玉川町,いまばりしたまがわちょう,3820200,1,,
3820233,今治市大西町,いまばりしおおにしちょう,3820200,1,,
3820234,今治市菊間町,いまばりしきくまちょう,3820200,1,,
3820235,今治市吉海町,いまばりしよしうみちょう,3820200,1,,
3820236,今治市宮窪町,いまばりしみやくぼちょう,3820200,1,,
3820238,今治市上浦町,いまばりしかみうらちょう,3820200,1,,
3820239,今治市大三島町,いまばりしおおみしまちょう,3820200,1,,
3820242,今治市関前岡村,いまばりしせきぜんおかむら,3820200,1,,
3820243,今治市波方町,いまばりしなみかたちょう,3820200,1,,
3820244,今治市伯方町,いまばりしはかたちょう,3820200,1,,
3820500,新居浜市一宮町,にいはましいっくちょう,3820500,1,1,
3820520,新居浜市中筋町,にいはましなかすじちょう,3820500,1,,
3820532,新居浜市別子山,にいはましべっしやま,3820500,1,,
3820600,西条市丹原町鞍瀬,さいじょうしたんばらちょうくらせ,3820600,1,1,
3820620,西条市周布,さいじょうししゅう,3820600,1,,
3820630,西条市新田,さいじょうししんでん,3820600,1,,
3820632,西条市丹原町池田,さいじょうしたんばらちょういけだ,3820600,1,,
3820633,西条市小松町,さいじょうしこまつちょう,3820600,1,,
3821321,四国中央市中曽根町,しこくちゅうおうしなかぞねちょう,3821300,1,,
3821332,四国中央市土居町,しこくちゅうおうしどいちょう,3821300,1,,
3821333,四国中央市金生町,しこくちゅうおうしきんせいちょう,3821300,1,,
3821334,四国中央市新宮町,しこくちゅうおうししんぐうちょう,3821300,1,,
3835630,上島町魚島,かみじまちょううおしま,3835600,1,,
3835632,上島町生名,かみじまちょういきな,3835600,1,,
3835635,上島町弓削,かみじまちょうゆげ,3835600,1,,
3835636,上島町岩城,かみじまちょういわぎ,3835600,1,,
3820101,松山市北持田町,まつやましきたもちだまち,3820100,1,1,
3820120,松山市富久町,まつやましとみひさまち,3820100,1,,
3820121,松山市北条辻,まつやましほうじょうつじ,3820100,1,,
3820130,松山市中島大浦,まつやましなかじまおおうら,3820100,1,,
3821020,伊予市下吾川,いよししもあがわ,3821000,1,,
3821031,伊予市双海町,いよしふたみちょう,3821000,1,,
3821032,伊予市中山町,いよしなかやまちょう,3821000,1,,
3821520,東温市南方,とうおんしみなみがた,3821500,1,,
3821530,東温市見奈良,とうおんしみなら,3821500,1,,
3838620,久万高原町東川,くまこうげんちょうひがしがわ,3838600,1,,
3838630,久万高原町久万,くまこうげんちょうくま,3838600,1,,
3838632,久万高原町柳井川,くまこうげんちょうやないがわ,3838600,1,,
3838633,久万高原町渋草,くまこうげんちょうしぶくさ,3838600,1,,
3840130,愛媛松前町筒井,えひめまさきちょうつつい,3840100,1,,
3840220,砥部町総津,とべちょうそうづ,3840200,1,,
3840230,砥部町宮内,とべちょうみやうち,3840200,1,,
3820300,宇和島市住吉町,うわじましすみよしちょう,3820300,1,1,
3820320,宇和島市丸穂,うわじましまるお,3820300,1,,
3820332,宇和島市津島町,うわじましつしまちょう,3820300,1,,
3820333,宇和島市吉田町,うわじましよしだちょう,3820300,1,,
3820334,宇和島市三間町,うわじましみまちょう,3820300,1,,
3820400,八幡浜市広瀬,やわたはましひろせ,3820400,1,1,
3820420,八幡浜市五反田,やわたはましごたんだ,3820400,1,,
3820430,八幡浜市保内町,やわたはましほないちょう,3820400,1,,
3820700,大洲市豊茂,おおずしとよしげ,3820700,1,1,
3820721,大洲市肱川町,おおずしひじかわちょう,3820700,1,,
3820722,大洲市長浜,おおずしながはま,3820700,1,,
3820730,大洲市大洲,おおずしおおず,3820700,1,,
3820731,大洲市河辺町,おおずしかわべちょう,3820700,1,,
3821400,西予市野村町,せいよしのむらちょう,3821400,1,1,
3821433,西予市城川町,せいよししろかわちょう,3821400,1,,
3821434,西予市宇和町,せいよしうわちょう,3821400,1,,
3821435,西予市三瓶町,せいよしみかめちょう,3821400,1,,
3821436,西予市明浜町,せいよしあけはまちょう,3821400,1,,
3842230,内子町内子,うちこちょううちこ,3842200,1,,
3842232,内子町平岡,うちこちょうひらおか,3842200,1,,
3842233,内子町小田,うちこちょうおだ,3842200,1,,
3844220,伊方町三崎,いかたちょうみさき,3844200,1,,
3844231,伊方町湊浦,いかたちょうみなとうら,3844200,1,,
3844232,伊方町三机,いかたちょうみつくえ,3844200,1,,
3848431,松野町松丸,まつのちょうまつまる,3848400,1,,
3848800,愛媛鬼北町成川,えひめきほくちょうなるかわ,3848800,1,1,
3848831,愛媛鬼北町下鍵山,えひめきほくちょうしもかぎやま,3848800,1,,
3848832,愛媛鬼北町近永,えひめきほくちょうちかなが,3848800,1,,
3850620,愛南町船越,あいなんちょうふなこし,3850600,1,,
3850630,愛南町柏,あいなんちょうかしわ,3850600,1,,
3850631,愛南町御荘,あいなんちょうみしょう,3850600,1,,
3850633,愛南町一本松,あいなんちょういっぽんまつ,3850600,1,,
3850634,愛南町城辺,あいなんちょうじょうへん,3850600,1,,
3920201,室戸市吉良川町,むろとしきらがわちょう,3920200,1,1,
3920202,室戸市室戸岬町,むろとしむろとみさきちょう,3920200,1,1,
3920230,室戸市浮津,むろとしうきつ,3920200,1,,
3920300,安芸市西浜,あきしにしはま,3920300,1,1,
3920320,安芸市矢ノ丸,あきしやのまる,3920300,1,,
3930120,東洋町生見,とうようちょういくみ,3930100,1,,
3930230,奈半利町役場,なはりちょうやくば,3930200,1,,
3930330,田野町役場,たのちょうやくば,3930300,1,,
3930433,安田町安田,やすだちょうやすだ,3930400,1,,
3930531,北川村野友,きたがわむらのとも,3930500,1,,
3930630,馬路村馬路,うまじむらうまじ,3930600,1,,
3930731,芸西村和食,げいせいむらわじき,3930700,1,,
3920100,高知市本町,こうちしほんまち,3920100,1,1,
3920101,高知市春野町芳原,こうちしはるのちょうよしはら,3920100,1,1,
3920120,高知市丸ノ内,こうちしまるのうち,3920100,1,,
3920132,高知市土佐山,こうちしとさやま,3920100,1,,
3920136,高知市鏡小浜,こうちしかがみこはま,3920100,1,,
3920430,南国市オオソネ,なんこくしおおそね,3920400,1,,
3920520,土佐市蓮池,とさしはすいけ,3920500,1,,
3920600,須崎市山手町,すさきしやまてちょう,3920600,1,1,
3920620,須崎市西糺町,すさきしにしただすまち,3920600,1,,
3921134,高知香南市吉川町吉原,こうちこうなんしよしかわちょうよしはら,3921100,1,,
3921135,高知香南市香我美町下分,こうちこうなんしかがみちょうしもぶん,3921100,1,,
3921136,高知香南市夜須町坪井,こうちこうなんしやすちょうつぼい,3921100,1,,
3921137,高知香南市赤岡支所,こうちこうなんしあかおかししょ,3921100,1,,
3921138,高知香南市野市町西野,こうちこうなんしのいちちょうにしの,3921100,1,,
3921200,香美市土佐山田町宝町,かみしとさやまだちょうたからまち,3921200,1,1,
3921201,香美市物部町神池,かみしものべちょうかみいけ,3921200,1,1,
3921220,香美市土佐山田町岩積,かみしとさやまだちょういわづみ,3921200,1,,
3921233,香美市香北町美良布,かみしかほくちょうびらふ,3921200,1,,
3921234,香美市物部町大栃,かみしものべちょうおおどち,3921200,1,,
3934131,本山町本山,もとやまちょうもとやま,3934100,1,,
3934421,大豊町黒石,おおとよちょうくろいし,3934400,1,,
3934430,大豊町高須,おおとよちょうたかす,3934400,1,,
3936331,土佐町土居,とさちょうどい,3936300,1,,
3936431,大川村小松,おおかわむらこまつ,3936400,1,,
3938620,いの町脇ノ山,いのちょうわきのやま,3938600,1,,
3938633,いの町上八川,いのちょうかみやかわ,3938600,1,,
3938635,いの町役場,いのちょうやくば,3938600,1,,
3938636,いの町長沢,いのちょうながさわ,3938600,1,,
3938730,仁淀川町土居,によどがわちょうどい,3938700,1,,
3938732,仁淀川町森,によどがわちょうもり,3938700,1,,
3938733,仁淀川町大崎,によどがわちょうおおさき,3938700,1,,
3940230,佐川町役場,さかわちょうやくば,3940200,1,,
3940330,越知町越知,おちちょうおち,3940300,1,,
3941032,日高村本郷,ひだかむらほんごう,3941000,1,,
3920800,宿毛市片島,すくもしかたしま,3920800,1,1,
3920820,宿毛市桜町,すくもしさくらまち,3920800,1,,
3920901,土佐清水市有永,とさしみずしありなが,3920900,1,1,
3920902,土佐清水市足摺岬,とさしみずしあしずりみさき,3920900,1,1,
3920921,土佐清水市松尾,とさしみずしまつお,3920900,1,,
3920930,土佐清水市天神町,とさしみずしてんじんちょう,3920900,1,,
3921032,四万十市古津賀,しまんとしこつか,3921000,1,,
3921033,四万十市西土佐江川崎,しまんとしにしとさえかわさき,3921000,1,,
3940131,中土佐町大野見吉野,なかとさちょうおおのみよしの,3940100,1,,
3940132,中土佐町久礼,なかとさちょうくれ,3940100,1,,
3940521,梼原町広野,ゆすはらちょうひろの,3940500,1,,
3940532,梼原町梼原,ゆすはらちょうゆすはら,3940500,1,,
3941130,高知津野町永野,こうちつのちょうながの,3941100,1,,
3941131,高知津野町力石,こうちつのちょうちからいし,3941100,1,,
3941200,四万十町窪川中津川,しまんとちょうくぼかわなかつがわ,3941200,1,1,
3941220,四万十町大正,しまんとちょうたいしょう,3941200,1,,
3941233,四万十町十川,しまんとちょうとおかわ,3941200,1,,
3941234,四万十町琴平町,しまんとちょうことひらまち,3941200,1,,
3942430,大月町弘見,おおつきちょうひろみ,3942400,1,,
3942730,三原村来栖野,みはらむらくるすの,3942700,1,,
3942801,黒潮町入野,くろしおちょういりの,3942800,1,1,
3942820,黒潮町佐賀,くろしおちょうさが,3942800,1,,
3520401,萩市土原,はぎしひじわら,3520400,1,1,
3520402,萩市見島宇津,はぎしみしまうつ,3520400,1,1,
3520432,萩市川上,はぎしかわかみ,3520400,1,,
3520433,萩市下田万,はぎししもたま,3520400,1,,
3520438,萩市江向,はぎしえむかい,3520400,1,,
3520439,萩市吉部,はぎしきべ,3520400,1,,
3520440,萩市須佐,はぎしすさ,3520400,1,,
3520441,萩市明木,はぎしあきらぎ,3520400,1,,
3520442,萩市福井,はぎしふくい,3520400,1,,
3520443,萩市見島本村,はぎしみしまほんむら,3520400,1,,
3521121,長門市深川中学校,ながとしふかわちゅうがっこう,3521100,1,,
3521132,長門市日置,ながとしへき,3521100,1,,
3521134,長門市東深川,ながとしひがしふかわ,3521100,1,,
3521136,長門市三隅,ながとしみすみ,3521100,1,,
3521332,美祢市秋芳町秋吉,みねししゅうほうちょうあきよし,3521300,1,,
3521334,美祢市美東町大田,みねしみとうちょうおおた,3521300,1,,
3521335,美祢市大嶺町,みねしおおみねちょう,3521300,1,,
3550231,阿武町奈古,あぶちょうなご,3550200,1,,
3520100,下関市竹崎,しものせきしたけざき,3520100,1,1,
3520102,下関市豊浦町川棚,しものせきしとようらちょうかわたな,3520100,1,1,
3520120,下関市清末陣屋,しものせきしきよすえじんや,3520100,1,,
3520121,下関市豊浦町浄水場,しものせきしとようらちょうじょうすいじょう,3520100,1,,
3520138,下関市豊北町角島,しものせきしほうほくちょうつのしま,3520100,1,,
3520140,下関市豊北町滝部,しものせきしほうほくちょうたきべ,3520100,1,,
3520143,下関市豊田町殿敷,しものせきしとよたちょうとのしき,3520100,1,,
3520144,下関市役所,しものせきしやくしょ,3520100,1,,
3520145,下関市菊川町下岡枝,しものせきしきくがわちょうしもおかえだ,3520100,1,,
3520201,宇部市野中,うべしのなか,3520200,1,1,
3520220,宇部市東須恵,うべしひがしすえ,3520200,1,,
3520233,宇部市常盤町,うべしときわちょう,3520200,1,,
3520234,宇部市船木,うべしふなき,3520200,1,,
3521632,山陽小野田市日の出,さんようおのだしひので,3521600,1,,
3521633,山陽小野田市鴨庄,さんようおのだしかものしょう,3521600,1,,
3520803,岩国市今津,いわくにしいまづ,3520800,1,1,
3520823,岩国市横山,いわくにしよこやま,3520800,1,,
3520824,岩国市玖珂町阿山,いわくにしくがまちあやま,3520800,1,,
3520825,岩国市美川町高ケ原,いわくにしみかわまちたかがはら,3520800,1,,
3520840,岩国市由宇町,いわくにしゆうまち,3520800,1,,
3520843,岩国市美和町生見,いわくにしみわまちいきみ,3520800,1,,
3520847,岩国市本郷町本郷,いわくにしほんごうまちほんごう,3520800,1,,
3520848,岩国市錦町広瀬,いわくにしにしきまちひろせ,3520800,1,,
3520849,岩国市美川町四馬神,いわくにしみかわまちしめがみ,3520800,1,,
3520850,岩国市周東町下久原,いわくにししゅうとうまちしもくばら,3520800,1,,
3520851,岩国市玖珂支所,いわくにしくがししょ,3520800,1,,
3521034,光市中央,ひかりしちゅうおう,3521000,1,,
3521036,光市岩田,ひかりしいわた,3521000,1,,
3521233,柳井市南町,やないしみなみまち,3521200,1,,
3521234,柳井市大畠,やないしおおばたけ,3521200,1,,
3530521,周防大島町平野,すおうおおしまちょうひらの,3530500,1,,
3530536,周防大島町小松,すおうおおしまちょうこまつ,3530500,1,,
3530537,周防大島町西安下庄,すおうおおしまちょうにしあげのしょう,3530500,1,,
3530539,周防大島町久賀,すおうおおしまちょうくか,3530500,1,,
3530540,周防大島町東和総合支所,すおうおおしまちょうとうわそうごうししょ,3530500,1,,
3532132,和木町和木,わきちょうわき,3532100,1,,
3534122,上関町室津,かみのせきちょうむろつ,3534100,1,,
3534133,上関町長島,かみのせきちょうながしま,3534100,1,,
3534301,田布施町下田布施,たぶせちょうしもたぶせ,3534300,1,1,
3534433,平生町平生,ひらおちょうひらお,3534400,1,,
3520302,山口市前町,やまぐちしまえまち,3520300,1,1,
3520322,山口市秋穂二島,やまぐちしあいおふたじま,3520300,1,,
3520323,山口市阿東生雲,やまぐちしあとういくも,3520300,1,,
3520340,山口市秋穂東,やまぐちしあいおひがし,3520300,1,,
3520341,山口市小郡下郷,やまぐちしおごおりしもごう,3520300,1,,
3520342,山口市亀山町,やまぐちしかめやまちょう,3520300,1,,
3520346,山口市阿東徳佐,やまぐちしあとうとくさ,3520300,1,,
3520348,山口市阿知須,やまぐちしあじす,3520300,1,,
3520349,山口市徳地堀,やまぐちしとくぢほり,3520300,1,,
3520601,防府市寿,ほうふしことぶき,3520600,1,1,
3520621,防府市西浦,ほうふしにしのうら,3520600,1,,
3520701,下松市瀬戸,くだまつしせと,3520700,1,1,
3520732,下松市大手町,くだまつしおおてまち,3520700,1,,
3521522,周南市桜馬場通り,しゅうなんしさくらばばどおり,3521500,1,,
3521536,周南市熊毛中央町,しゅうなんしくまげちゅうおうちょう,3521500,1,,
3521537,周南市鹿野上,しゅうなんしかのかみ,3521500,1,,
3521540,周南市岐山通り,しゅうなんしきさんどおり,3521500,1,,
3521542,周南市富田,しゅうなんしとんだ,3521500,1,,
4013131,福岡東区千早,ふくおかひがしくちはや,4013100,1,,
4013200,福岡空港,ふくおかくうこう,4013200,1,,
4013231,福岡博多区博多駅前,ふくおかはかたくはかたえきまえ,4013200,1,,
4013300,福岡中央区大濠,ふくおかちゅうおうくおおほり,4013300,1,1,
4013320,福岡中央区天神,ふくおかちゅうおうくてんじん,4013300,1,,
4013330,福岡中央区舞鶴,ふくおかちゅうおうくまいづる,4013300,1,,
4013430,福岡南区塩原,ふくおかみなみくしおばる,4013400,1,,
4013530,福岡西区今宿,ふくおかにしくいまじゅく,4013500,1,,
4013630,福岡城南区神松寺,ふくおかじょうなんくしんしょうじ,4013600,1,,
4013700,福岡早良区板屋,ふくおかさわらくいたや,4013700,1,1,
4013730,福岡早良区百道浜,ふくおかさわらくももちはま,4013700,1,,
4021731,筑紫野市石崎,ちくしのしいしざき,4021700,1,,
4021831,春日市原町,かすがしはらまち,4021800,1,,
4021930,大野城市曙町,おおのじょうしあけぼのまち,4021900,1,,
4022020,宗像市江口神原,むなかたしえぐちかみのはら,4022000,1,,
4022030,宗像市東郷,むなかたしとうごう,4022000,1,,
4022033,宗像市大島,むなかたしおおしま,4022000,1,,
4022034,宗像市神湊,むなかたしこうのみなと,4022000,1,,
4022131,太宰府市観世音寺,だざいふしかんぜおんじ,4022100,1,,
4022330,福岡古賀市駅東,ふくおかこがしえきひがし,4022300,1,,
4022400,福津市手光,ふくつしてびか,4022400,1,1,
4022430,福津市中央,ふくつしちゅうおう,4022400,1,,
4022431,福津市津屋崎,ふくつしつやざき,4022400,1,,
4023000,糸島市志摩初,いとしまししまはつ,4023000,1,1,
4023020,糸島市前原東,いとしましまえばるひがし,4023000,1,,
4023031,糸島市二丈深江,いとしましにじょうふかえ,4023000,1,,
4023131,那珂川市西隈,なかがわしにしぐま,4023100,1,,
4034130,宇美町宇美,うみまちうみ,4034100,1,,
4034230,篠栗町中央,ささぐりまちちゅうおう,4034200,1,,
4034330,志免町志免,しめまちしめ,4034300,1,,
4034430,須恵町須恵,すえまちすえ,4034400,1,,
4034530,新宮町緑ヶ浜,しんぐうまちみどりがはま,4034500,1,,
4034830,久山町久原,ひさやままちくばら,4034800,1,,
4034930,粕屋町仲原,かすやまちなかばる,4034900,1,,
4010132,北九州門司区大里東,きたきゅうしゅうもじくだいりひがし,4010100,1,,
4010330,北九州若松区桜町,きたきゅうしゅうわかまつくさくらまち,4010300,1,,
4010531,北九州戸畑区新池,きたきゅうしゅうとばたくしんいけ,4010500,1,,
4010630,北九州小倉北区大手町,きたきゅうしゅうこくらきたくおおてまち,4010600,1,,
4010720,北九州小倉南区横代東町,きたきゅうしゅうこくらみなみくよこしろひがしまち,4010700,1,,
4010731,北九州小倉南区若園,きたきゅうしゅうこくらみなみくわかぞの,4010700,1,,
4010800,北九州八幡東区桃園,きたきゅうしゅうやはたひがしくももぞの,4010800,1,1,
4010831,北九州八幡東区大谷,きたきゅうしゅうやはたひがしくおおたに,4010800,1,,
4010931,北九州八幡西区相生町,きたきゅうしゅうやはたにしくあいおいちょう,4010900,1,,
4021320,行橋市今井,ゆくはししいまい,4021300,1,,
4021330,行橋市中央,ゆくはししちゅうおう,4021300,1,,
4021430,豊前市吉木,ぶぜんしよしき,4021400,1,,
4021520,中間市長津,なかましながつ,4021500,1,,
4021530,中間市中間,なかましなかま,4021500,1,,
4038132,芦屋町幸町,あしやまちさいわいまち,4038100,1,,
4038231,水巻町頃末,みずまきまちころすえ,4038200,1,,
4038330,岡垣町野間,おかがきまちのま,4038300,1,,
4038430,遠賀町今古賀,おんがちょういまこが,4038400,1,,
4062100,苅田町若久,かんだまちわかひさ,4062100,1,1,
4062130,苅田町京町,かんだまちきょうまち,4062100,1,,
4062531,みやこ町勝山上田,みやこまちかつやまうえだ,4062500,1,,
4062533,みやこ町犀川本庄,みやこまちさいがわほんじょう,4062500,1,,
4062534,みやこ町豊津,みやこまちとよつ,4062500,1,,
4064230,吉富町広津,よしとみまちひろつ,4064200,1,,
4064631,上毛町東下,こうげまちひがししも,4064600,1,,
4064632,上毛町垂水,こうげまちたるみ,4064600,1,,
4064733,築上町椎田,ちくじょうまちしいだ,4064700,1,,
4020431,直方市新町,のおがたししんまち,4020400,1,,
4020501,飯塚市川島,いいづかしかわしま,4020500,1,1,
4020520,飯塚市立岩,いいづかしたていわ,4020500,1,,
4020531,飯塚市長尾,いいづかしながお,4020500,1,,
4020532,飯塚市忠隈,いいづかしただくま,4020500,1,,
4020535,飯塚市綱分,いいづかしつなわき,4020500,1,,
4020536,飯塚市新立岩,いいづかししんたていわ,4020500,1,,
4020537,飯塚市鹿毛馬,いいづかしかけのうま,4020500,1,,
4020630,田川市中央町,たがわしちゅうおうまち,4020600,1,,
4022633,宮若市福丸,みやわかしふくまる,4022600,1,,
4022634,宮若市宮田,みやわかしみやた,4022600,1,,
4022735,嘉麻市上臼井,かましかみうすい,4022700,1,,
4022736,嘉麻市岩崎,かましいわさき,4022700,1,,
4022737,嘉麻市上山田,かましかみやまだ,4022700,1,,
4022738,嘉麻市大隈町,かましおおくままち,4022700,1,,
4040131,小竹町勝野,こたけまちかつの,4040100,1,,
4040230,鞍手町中山,くらてまちなかやま,4040200,1,,
4042130,桂川町土居,けいせんまちとい,4042100,1,,
4060130,香春町高野,かわらまちたかの,4060100,1,,
4060230,添田町添田,そえだまちそえだ,4060200,1,,
4060430,糸田町役場,いとだまちやくば,4060400,1,,
4060530,福岡川崎町田原,ふくおかかわさきまちたばら,4060500,1,,
4060830,大任町大行事,おおとうまちだいぎょうじ,4060800,1,,
4060930,赤村内田,あかむらうちだ,4060900,1,,
4061000,福智町上野,ふくちまちあがの,4061000,1,1,
4061030,福智町金田,ふくちまちかなだ,4061000,1,,
4061031,福智町赤池,ふくちまちあかいけ,4061000,1,,
4061033,福智町弁城,ふくちまちべんじょう,4061000,1,,
4020200,大牟田市笹林,おおむたしささばやし,4020200,1,1,
4020220,大牟田市昭和町,おおむたししょうわまち,4020200,1,,
4020231,大牟田市有明町,おおむたしゆうめいまち,4020200,1,,
4020300,久留米市津福本町,くるめしつぶくほんまち,4020300,1,1,
4020320,久留米市小森野町,くるめしこもりのまち,4020300,1,,
4020330,久留米市城南町,くるめしじょうなんまち,4020300,1,,
4020333,久留米市城島町,くるめしじょうじままち,4020300,1,,
4020334,久留米市三潴町,くるめしみづままち,4020300,1,,
4020336,久留米市北野町,くるめしきたのまち,4020300,1,,
4020337,久留米市田主丸町,くるめしたぬしまるまち,4020300,1,,
4020731,柳川市大和町,やながわしやまとまち,4020700,1,,
4020732,柳川市三橋町,やながわしみつはしまち,4020700,1,,
4020733,柳川市本町,やながわしほんまち,4020700,1,,
4021000,八女市黒木町北木屋,やめしくろぎまちきたごや,4021000,1,1,
4021020,八女市吉田,やめしよしだ,4021000,1,,
4021032,八女市黒木町今,やめしくろぎまちいま,4021000,1,,
4021033,八女市立花町,やめしたちばなまち,4021000,1,,
4021034,八女市矢部村,やめしやべむら,4021000,1,,
4021035,八女市星野村,やめしほしのむら,4021000,1,,
4021037,八女市上陽町,やめしじょうようまち,4021000,1,,
4021130,筑後市山ノ井,ちくごしやまのい,4021100,1,,
4021230,大川市酒見,おおかわしさけみ,4021200,1,,
4021630,小郡市小郡,おごおりしおごおり,4021600,1,,
4022530,うきは市吉井町,うきはしよしいまち,4022500,1,,
4022532,うきは市浮羽町,うきはしうきはまち,4022500,1,,
4022820,朝倉市堤,あさくらしつつみ,4022800,1,,
4022830,朝倉市菩提寺,あさくらしぼだいじ,4022800,1,,
4022831,朝倉市杷木池田,あさくらしはきいけだ,4022800,1,,
4022832,朝倉市宮野,あさくらしみやの,4022800,1,,
4022930,みやま市瀬高町,みやましせたかまち,4022900,1,,
4022933,みやま市山川町,みやましやまかわまち,4022900,1,,
4022934,みやま市高田町,みやましたかたまち,4022900,1,,
4044700,筑前町下高場,ちくぜんまちしもたかば,4044700,1,1,
4044730,筑前町新町,ちくぜんまちしんまち,4044700,1,,
4044731,筑前町篠隈,ちくぜんまちしのくま,4044700,1,,
4044830,東峰村小石原,とうほうむらこいしわら,4044800,1,,
4044831,東峰村宝珠山,とうほうむらほうしゅやま,4044800,1,,
4050330,大刀洗町冨多,たちあらいまちとみた,4050300,1,,
4052230,大木町八町牟田,おおきまちはつちょうむた,4052200,1,,
4054431,福岡広川町新代,ふくおかひろかわまちにいしろ,4054400,1,,
4120200,唐津市西城内,からつしにしじょうない,4120200,1,1,
4120220,唐津市鎮西町,からつしちんぜいまち,4120200,1,,
4120221,唐津市竹木場,からつしたけこば,4120200,1,,
4120222,唐津市厳木町,からつしきゅうらぎまち,4120200,1,,
4120237,唐津市七山,からつしななやま,4120200,1,,
4120238,唐津市相知,からつしおうち,4120200,1,,
4120239,唐津市北波多,からつしきたはた,4120200,1,,
4120240,唐津市肥前,からつしひぜん,4120200,1,,
4120241,唐津市呼子,からつしよぶこ,4120200,1,,
4120242,唐津市浜玉,からつしはまたま,4120200,1,,
4120520,伊万里市立花町,いまりしたちばなちょう,4120500,1,,
4138731,玄海町諸浦,げんかいちょうもろうら,4138700,1,,
4140132,有田町本町,ありたちょうほんまち,4140100,1,,
4140133,有田町立部,ありたちょうたちべ,4140100,1,,
4120100,佐賀市駅前中央,さがしえきまえちゅうおう,4120100,1,1,
4120120,佐賀市富士町,さがしふじちょう,4120100,1,,
4120121,佐賀市栄町,さがしさかえまち,4120100,1,,
4120137,佐賀市大和,さがしやまと,4120100,1,,
4120138,佐賀市三瀬,さがしみつせ,4120100,1,,
4120140,佐賀市東与賀,さがしひがしよか,4120100,1,,
4120142,佐賀市久保田,さがしくぼた,4120100,1,,
4120143,佐賀市諸富,さがしもろどみ,4120100,1,,
4120144,佐賀市川副,さがしかわそえ,4120100,1,,
4120332,鳥栖市宿町,とすししゅくまち,4120300,1,,
4120431,多久市北多久町,たくしきたたくまち,4120400,1,,
4120621,武雄市武雄町武雄,たけおしたけおちょうたけお,4120600,1,,
4120635,武雄市山内,たけおしやまうち,4120600,1,,
4120637,武雄市武雄町昭和,たけおしたけおちょうしょうわ,4120600,1,,
4120638,武雄市北方,たけおしきたがた,4120600,1,,
4120720,佐賀鹿島市納富分,さがかしましのうどみぶん,4120700,1,,
4120838,小城市三日月,おぎしみかつき,4120800,1,,
4120839,小城市小城,おぎしおぎ,4120800,1,,
4120840,小城市芦刈,おぎしあしかり,4120800,1,,
4120841,小城市牛津,おぎしうしづ,4120800,1,,
4120900,嬉野市不動山,うれしのしふどうやま,4120900,1,1,
4120932,嬉野市塩田,うれしのししおた,4120900,1,,
4120933,嬉野市下宿乙,うれしのししもじゅくおつ,4120900,1,,
4121034,神埼市千代田,かんざきしちよだ,4121000,1,,
4121036,神埼市脊振,かんざきしせふり,4121000,1,,
4121037,神埼市神埼,かんざきしかんざき,4121000,1,,
4132732,吉野ヶ里町三田川,よしのがりちょうみたがわ,4132700,1,,
4132733,吉野ヶ里町東脊振,よしのがりちょうひがしせふり,4132700,1,,
4134131,基山町宮浦,きやまちょうみやうら,4134100,1,,
4134531,上峰町坊所,かみみねちょうぼうじょ,4134500,1,,
4134633,みやき町中原,みやきちょうなかばる,4134600,1,,
4134635,みやき町三根,みやきちょうみね,4134600,1,,
4134636,みやき町北茂安,みやきちょうきたしげやす,4134600,1,,
4142331,大町町大町,おおまちちょうおおまち,4142300,1,,
4142431,江北町山口,こうほくまちやまぐち,4142400,1,,
4142533,白石町福田,しろいしちょうふくた,4142500,1,,
4142534,白石町福富,しろいちょうふくどみ,4142500,1,,
4142535,白石町有明,しろいしちょうありあけ,4142500,1,,
4144100,太良町多良,たらちょうたら,4144100,1,1,
4220201,佐世保市干尽町,させぼしひづくしちょう,4220201,1,1,
4220220,佐世保市八幡町,させぼしはちまんちょう,4220201,1,,
4220232,佐世保市小佐々町,させぼしこさざちょう,4220201,1,,
4220236,佐世保市世知原町,させぼしせちばるちょう,4220201,1,,
4220237,佐世保市江迎町,させぼしえむかえちょう,4220201,1,,
4220239,佐世保市吉井町,させぼしよしいちょう,4220201,1,,
4220240,佐世保市鹿町町,させぼししかまちちょう,4220201,1,,
4220701,平戸市岩の上町,ひらどしいわのうえちょう,4220700,1,1,
4220720,平戸市鏡川町,ひらどしかがみがわちょう,4220700,1,,
4220721,平戸市志々伎町,ひらどししじきちょう,4220700,1,,
4220731,平戸市生月町,ひらどしいきつきちょう,4220700,1,,
4220732,平戸市田平町,ひらどしたびらちょう,4220700,1,,
4220734,平戸市大島村,ひらどしおおしまむら,4220700,1,,
4220820,松浦市志佐町,まつうらししさちょう,4220800,1,,
4220831,松浦市鷹島町,まつうらしたかしまちょう,4220800,1,,
4220832,松浦市福島町,まつうらしふくしまちょう,4220800,1,,
4232120,東彼杵町蔵本,ひがしそのぎちょうくらもと,4232100,1,,
4232232,川棚町中組,かわたなちょうなかぐみ,4232200,1,,
4232332,波佐見町宿,はさみちょうしゅく,4232300,1,,
4239131,佐々町本田原,さざちょうほんたばる,4239100,1,,
4220100,長崎市南山手,ながさきしみなみやまて,4220100,1,1,
4220102,長崎市黒浜町,ながさきしくろはままち,4220100,1,1,
4220103,長崎市長浦町,ながさきしながうらまち,4220100,1,1,
4220121,長崎市元町,ながさきしもとまち,4220100,1,,
4220122,長崎市野母町,ながさきしのもまち,4220100,1,,
4220130,長崎市香焼町,ながさきしこうやぎまち,4220100,1,,
4220135,長崎市伊王島町,ながさきしいおうじままち,4220100,1,,
4220136,長崎市高島町,ながさきしたかしままち,4220100,1,,
4220137,長崎市神浦江川町,ながさきしこうのうらえがわまち,4220100,1,,
4220138,長崎市布巻町,ながさきしぬのまきまち,4220100,1,,
4220401,諫早市東小路町,いさはやしひがしこうじまち,4220400,1,1,
4220420,諫早市小長井町,いさはやしこながいちょう,4220400,1,,
4220421,諫早市堂崎町,いさはやしどうざきまち,4220400,1,,
4220430,諫早市多良見町,いさはやしたらみちょう,4220400,1,,
4220434,諫早市飯盛町,いさはやしいいもりちょう,4220400,1,,
4220435,諫早市森山町,いさはやしもりやまちょう,4220400,1,,
4220436,諫早市高来町,いさはやしたかきちょう,4220400,1,,
4220520,大村市玖島,おおむらしくしま,4220500,1,,
4221220,西海市大瀬戸町,さいかいしおおせとちょう,4221200,1,,
4221234,西海市西彼町,さいかいしせいひちょう,4221200,1,,
4221235,西海市西海町,さいかいしさいかいちょう,4221200,1,,
4221236,西海市崎戸町,さいかいしさきとちょう,4221200,1,,
4221238,西海市大島町,さいかいしおおしままち,4221200,1,,
4230731,長与町嬉里,ながよちょううれり,4230700,1,,
4230830,時津町浦,とぎつちょううら,4230800,1,,
4220320,島原市下折橋町,しまばらししもおりはしまち,4220300,1,,
4220331,島原市有明町,しまばらしありあけちょう,4220300,1,,
4221300,雲仙市国見町,うんぜんしくにみちょう,4221300,1,1,
4221301,雲仙市小浜町雲仙,うんぜんしおばまちょううんぜん,4221300,1,1,
4221320,雲仙市千々石町,うんぜんしちぢわちょう,4221300,1,,
4221335,雲仙市雲仙出張所,うんぜんしうんぜんしゅっちょうしょ,4221300,1,,
4221337,雲仙市吾妻町,うんぜんしあづまちょう,4221300,1,,
4221338,雲仙市小浜町北本町,うんぜんしおばまちょうきたほんまち,4221300,1,,
4221339,雲仙市南串山町,うんぜんしみなみくしやまちょう,4221300,1,,
4221340,雲仙市瑞穂町,うんぜんしみずほちょう,4221300,1,,
4221341,雲仙市愛野町,うんぜんしあいのまち,4221300,1,,
4221420,南島原市口之津町,みなみしまばらしくちのつちょう,4221400,1,,
4221431,南島原市南有馬町,みなみしまばらしみなみありまちょう,4221400,1,,
4221432,南島原市北有馬町,みなみしまばらしきたありまちょう,4221400,1,,
4221433,南島原市西有家町,みなみしまばらしにしありえちょう,4221400,1,,
4221435,南島原市布津町,みなみしまばらしふつちょう,4221400,1,,
4221437,南島原市深江町,みなみしまばらしふかえちょう,4221400,1,,
4221438,南島原市加津佐町,みなみしまばらしかづさちょう,4221400,1,,
4221439,南島原市有家町,みなみしまばらしありえちょう,4221400,1,,
4220900,長崎対馬市厳原町東里,ながさきつしましいづはらまちひがしざと,4220900,1,1,
4220901,長崎対馬市上県町飼所,ながさきつしましかみあがたまちかいどころ,4220900,1,1,
4220902,長崎対馬市美津島町鴨居瀬,ながさきつしましみつしままちかもいせ,4220900,1,1,
4220920,長崎対馬市上対馬町,ながさきつしましかみつしままち,4220900,1,,
4220921,長崎対馬市豊玉町,ながさきつしましとよたままち,4220900,1,,
4220922,長崎対馬市厳原町国分,ながさきつしましいづはらまちこくぶ,4220900,1,,
4220934,長崎対馬市美津島町鷄知,ながさきつしましみつしままちけち,4220900,1,,
4220935,長崎対馬市峰町,ながさきつしましみねまち,4220900,1,,
4220936,長崎対馬市上県町佐須奈,ながさきつしましかみあがたまちさすな,4220900,1,,
4221000,壱岐市芦辺町中野,いきしあしべちょうなかの,4221000,1,1,
4221020,壱岐市郷ノ浦町,いきしごうのうらちょう,4221000,1,,
4221033,壱岐市芦辺町芦辺,いきしあしべちょうあしべ,4221000,1,,
4221034,壱岐市石田町,いきしいしだちょう,4221000,1,,
4221035,壱岐市勝本町,いきしかつもとちょう,4221000,1,,
4220221,佐世保市宇久町,させぼしうくまち,4220202,1,,
4221101,五島市富江町繁敷,ごとうしとみえまちしげじき,4221100,1,1,
4221102,五島市木場町,ごとうしこばちょう,4221100,1,1,
4221120,五島市上大津町,ごとうしかみおおづちょう,4221100,1,,
4221121,五島市玉之浦町,ごとうしたまのうらまち,4221100,1,,
4221132,五島市岐宿町,ごとうしきしくまち,4221100,1,,
4221134,五島市富江町富江,ごとうしとみえまちとみえ,4221100,1,,
4221136,五島市奈留町,ごとうしなるまち,4221100,1,,
4221137,五島市三井楽町,ごとうしみいらくまち,4221100,1,,
4238331,小値賀町笛吹,おぢかちょうふえふき,4238300,1,,
4241120,新上五島町若松,しんかみごとうちょうわかまつ,4241100,1,,
4241135,新上五島町立串,しんかみごとうちょうたてぐし,4241100,1,,
4241136,新上五島町青方,しんかみごとうちょうあおかた,4241100,1,,
4241137,新上五島町有川,しんかみごとうちょうありかわ,4241100,1,,
4241139,新上五島町奈良尾,しんかみごとうちょうならお,4241100,1,,
4321420,阿蘇市一の宮町,あそしいちのみやまち,4321400,1,,
4321433,阿蘇市内牧,あそしうちのまき,4321400,1,,
4321434,阿蘇市波野,あそしなみの,4321400,1,,
4342331,南小国町赤馬場,みなみおぐにまちあかばば,4342300,1,,
4342420,熊本小国町宮原,くまもとおぐにまちみやはら,4342400,1,,
4342531,産山村山鹿,うぶやまむらやまが,4342500,1,,
4342820,熊本高森町高森,くまもとたかもりまちたかもり,4342800,1,,
4343300,南阿蘇村中松,みなみあそむらなかまつ,4343300,1,1,
4343330,南阿蘇村吉田,みなみあそむらよしだ,4343300,1,,
4343331,南阿蘇村河陰,みなみあそむらかいん,4343300,1,,
4343333,南阿蘇村河陽,みなみあそむらかわよう,4343300,1,,
4310130,熊本中央区大江,くまもとちゅうおうくおおえ,4310100,1,,
4310221,熊本東区佐土原,くまもとひがしくさどわら,4310200,1,,
4310300,熊本西区春日,くまもとにしくかすが,4310300,1,1,
4310431,熊本南区富合町,くまもとみなみくとみあいまち,4310400,1,,
4310432,熊本南区城南町,くまもとみなみくじょうなんまち,4310400,1,,
4310530,熊本北区植木町,くまもときたくうえきまち,4310500,1,,
4320200,八代市平山新町,やつしろしひらやましんまち,4320200,1,1,
4320202,八代市泉町,やつしろしいずみまち,4320200,1,1,
4320221,八代市新地町,やつしろししんちまち,4320200,1,,
4320230,八代市千丁町,やつしろしせんちょうまち,4320200,1,,
4320231,八代市鏡町,やつしろしかがみまち,4320200,1,,
4320233,八代市東陽町,やつしろしとうようまち,4320200,1,,
4320234,八代市泉支所,やつしろしいずみししょ,4320200,1,,
4320236,八代市坂本町,やつしろしさかもとまち,4320200,1,,
4320431,荒尾市宮内出目,あらおしくないでめ,4320400,1,,
4320600,玉名市築地,たまなしついじ,4320600,1,1,
4320620,玉名市中尾,たまなしなかお,4320600,1,,
4320630,玉名市岱明町,たまなしたいめいまち,4320600,1,,
4320631,玉名市横島町,たまなしよこしままち,4320600,1,,
4320634,玉名市天水町,たまなしてんすいまち,4320600,1,,
4320820,山鹿市老人福祉センター,やまがしろうじんふくしせんた-,4320800,1,,
4320831,山鹿市菊鹿町,やまがしきくかまち,4320800,1,,
4320832,山鹿市鹿本町,やまがしかもとまち,4320800,1,,
4320833,山鹿市鹿央町,やまがしかおうまち,4320800,1,,
4320835,山鹿市鹿北町,やまがしかほくまち,4320800,1,,
4320836,山鹿市山鹿,やまがしやまが,4320800,1,,
4321034,菊池市隈府,きくちしわいふ,4321000,1,,
4321035,菊池市泗水町,きくちししすいまち,4321000,1,,
4321037,菊池市旭志,きくちしきょくし,4321000,1,,
4321038,菊池市七城町,きくちししちじょうまち,4321000,1,,
4321121,宇土市浦田町,うとしうらたまち,4321100,1,,
4321300,宇城市松橋町,うきしまつばせまち,4321300,1,1,
4321320,宇城市三角町,うきしみすみまち,4321300,1,,
4321330,宇城市不知火町,うきししらぬひまち,4321300,1,,
4321335,宇城市豊野町,うきしとよのまち,4321300,1,,
4321336,宇城市小川町,うきしおがわまち,4321300,1,,
4321630,合志市竹迫,こうししたかば,4321600,1,,
4321631,合志市御代志,こうししみよし,4321600,1,,
4334820,熊本美里町永富,くまもとみさとまちながとみ,4334800,1,,
4334831,熊本美里町馬場,くまもとみさとまちばば,4334800,1,,
4336431,玉東町木葉,ぎょくとうまちこのは,4336400,1,,
4336731,南関町関町,なんかんまちせきまち,4336700,1,,
4336830,長洲町長洲,ながすまちながす,4336800,1,,
4336932,和水町江田,なごみまちえた,4336900,1,,
4336933,和水町板楠,なごみまちいたくす,4336900,1,,
4340320,大津町引水,おおづまちひきのみず,4340300,1,,
4340331,大津町大津,おおづまちおおづ,4340300,1,,
4340430,菊陽町久保田,きくようまちくぼた,4340400,1,,
4343231,西原村小森,にしはらむらこもり,4343200,1,,
4344131,御船町御船,みふねまちみふね,4344100,1,,
4344230,嘉島町上島,かしままちうえじま,4344200,1,,
4344333,益城町宮園,ましきまちみやぞの,4344300,1,,
4344431,甲佐町豊内,こうさまちとようち,4344400,1,,
4344722,山都町浜町,やまとちょうはままち,4344700,1,,
4344730,山都町大平,やまとちょうおおひら,4344700,1,,
4344732,山都町今,やまとちょういま,4344700,1,,
4346830,氷川町島地,ひかわちょうしまち,4346800,1,,
4346832,氷川町宮原,ひかわちょうみやはら,4346800,1,,
4320301,人吉市西間下町,ひとよししにしあいだしもまち,4320300,1,1,
4320320,人吉市蟹作町,ひとよししがんつくりまち,4320300,1,,
4350130,錦町一武,にしきまちいちぶ,4350100,1,,
4350500,多良木町多良木,たらぎまちたらぎ,4350500,1,1,
4350520,多良木町上球磨消防署,たらぎまちかみくましょうぼうしょ,4350500,1,,
4350630,湯前町役場,ゆのまえまちやくば,4350600,1,,
4350730,水上村岩野,みずかみむらいわの,4350700,1,,
4351030,相良村深水,さがらむらふかみ,4351000,1,,
4351120,五木村甲,いつきむらこう,4351100,1,,
4351230,山江村山田,やまえむらやまだ,4351200,1,,
4351331,球磨村渡,くまむらわたり,4351300,1,,
4351430,あさぎり町免田東,あさぎりちょうめんだひがし,4351400,1,,
4351431,あさぎり町上,あさぎりちょううえ,4351400,1,,
4351432,あさぎり町岡原,あさぎりちょうおかはる,4351400,1,,
4351433,あさぎり町須惠,あさぎりちょうすえ,4351400,1,,
4351434,あさぎり町深田,あさぎりちょうふかだ,4351400,1,,
4320520,水俣市牧ノ内,みなまたしまきのうち,4320500,1,,
4320530,水俣市陣内,みなまたしじんない,4320500,1,,
4321200,上天草市大矢野町,かみあまくさしおおやのまち,4321200,1,1,
4321220,上天草市龍ヶ岳町,かみあまくさしりゅうがたけまち,4321200,1,,
4321234,上天草市松島町,かみあまくさしまつしままち,4321200,1,,
4321235,上天草市姫戸町,かみあまくさしひめどまち,4321200,1,,
4321500,天草市本町,あまくさしほんまち,4321500,1,1,
4321501,天草市牛深町,あまくさしうしぶかまち,4321500,1,1,
4321521,天草市新和町,あまくさししんわまち,4321500,1,,
4321522,天草市天草町,あまくさしあまくさまち,4321500,1,,
4321524,天草市本渡町本渡,あまくさしほんどまちほんど,4321500,1,,
4321532,天草市倉岳町,あまくさしくらたけまち,4321500,1,,
4321535,天草市河浦町,あまくさしかわうらまち,4321500,1,,
4321536,天草市有明町,あまくさしありあけまち,4321500,1,,
4321537,天草市御所浦町,あまくさしごしょうらまち,4321500,1,,
4321538,天草市栖本町,あまくさしすもとまち,4321500,1,,
4321539,天草市五和町,あまくさしいつわまち,4321500,1,,
4348201,芦北町芦北,あしきたまちあしきた,4348200,1,1,
4348220,芦北町田浦町,あしきたまちたのうらまち,4348200,1,,
4348431,津奈木町小津奈木,つなぎまちこつなぎ,4348400,1,,
4353131,苓北町志岐,れいほくまちしき,4353100,1,,
4420300,中津市上宮永,なかつしかみみやなが,4420300,1,1,
4420320,中津市植野,なかつしうえの,4420300,1,,
4420322,中津市耶馬溪町,なかつしやばけいまち,4420300,1,,
4420334,中津市豊田町,なかつしとよだまち,4420300,1,,
4420335,中津市三光,なかつしさんこう,4420300,1,,
4420336,中津市本耶馬渓町,なかつしほんやばけいまち,4420300,1,,
4420337,中津市山国町,なかつしやまくにまち,4420300,1,,
4420921,豊後高田市御玉,ぶんごたかだしおだま,4420900,1,,
4420930,豊後高田市真玉,ぶんごたかだしまたま,4420900,1,,
4420932,豊後高田市香々地,ぶんごたかだしかかぢ,4420900,1,,
4421120,宇佐市院内町,うさしいんないまち,4421100,1,,
4421134,宇佐市上田,うさしうえだ,4421100,1,,
4421135,宇佐市安心院町,うさしあじむまち,4421100,1,,
4421400,国東市国見町西方寺,くにさきしくにみまちさいほうじ,4421400,1,1,
4421401,国東市鶴川,くにさきしつるかわ,4421400,1,1,
4421420,国東市田深,くにさきしたぶか,4421400,1,,
4421421,国東市国見町伊美,くにさきしくにみまちいみ,4421400,1,,
4421434,国東市安岐町,くにさきしあきまち,4421400,1,,
4421435,国東市武蔵町,くにさきしむさしまち,4421400,1,,
4432231,姫島村役場,ひめしまむらやくば,4432200,1,,
4420102,大分市明野北,おおいたしあけのきた,4420100,1,1,
4420122,大分市新春日町,おおいたししんかすがまち,4420100,1,,
4420133,大分市佐賀関,おおいたしさがのせき,4420100,1,,
4420134,大分市舞鶴町,おおいたしまいづるまち,4420100,1,,
4420135,大分市野津原,おおいたしのつはる,4420100,1,,
4420200,別府市鶴見,べっぷしつるみ,4420200,1,1,
4420201,別府市天間,べっぷしあまま,4420200,1,1,
4420231,別府市上野口町,べっぷしかみのぐちちょう,4420200,1,,
4420600,臼杵市乙見,うすきしおとみ,4420600,1,1,
4420632,臼杵市臼杵,うすきしうすき,4420600,1,,
4420633,臼杵市野津町,うすきしのつまち,4420600,1,,
4420721,津久見市立花町,つくみしたちばなまち,4420700,1,,
4420732,津久見市宮本町,つくみしみやもとまち,4420700,1,,
4421021,杵築市南杵築,きつきしみなみきつき,4421000,1,,
4421032,杵築市杵築,きつきしきつき,4421000,1,,
4421033,杵築市大田,きつきしおおた,4421000,1,,
4421034,杵築市山香町,きつきしやまがまち,4421000,1,,
4421330,由布市挾間町,ゆふしはさままち,4421300,1,,
4421335,由布市庄内町,ゆふししょうないちょう,4421300,1,,
4421336,由布市湯布院町川上,ゆふしゆふいんちょうかわかみ,4421300,1,,
4434130,日出町役場,ひじまちやくば,4434100,1,,
4420501,佐伯市蒲江蒲江浦,さいきしかまえかまえうら,4420500,1,1,
4420502,佐伯市堅田,さいきしかたた,4420500,1,1,
4420503,佐伯市蒲江猪串浦,さいきしかまえいのくしうら,4420500,1,1,
4420520,佐伯市春日町,さいきしかすがまち,4420500,1,,
4420534,佐伯市直川,さいきしなおかわ,4420500,1,,
4420537,佐伯市宇目,さいきしうめ,4420500,1,,
4420538,佐伯市上浦,さいきしかみうら,4420500,1,,
4420539,佐伯市弥生,さいきしやよい,4420500,1,,
4420541,佐伯市米水津,さいきしよのうづ,4420500,1,,
4420543,佐伯市役所,さいきしやくしょ,4420500,1,,
4420544,佐伯市鶴見,さいきしつるみ,4420500,1,,
4420545,佐伯市本匠,さいきしほんじょう,4420500,1,,
4421200,豊後大野市三重町,ぶんごおおのしみえまち,4421200,1,1,
4421220,豊後大野市犬飼町黒松,ぶんごおおのしいぬかいまちくろまつ,4421200,1,,
4421240,豊後大野市千歳町,ぶんごおおのしちとせまち,4421200,1,,
4421242,豊後大野市大野町,ぶんごおおのしおおのまち,4421200,1,,
4421243,豊後大野市清川町,ぶんごおおのしきよかわまち,4421200,1,,
4421244,豊後大野市朝地町,ぶんごおおのしあさじまち,4421200,1,,
4421245,豊後大野市犬飼町犬飼,ぶんごおおのしいぬかいまちいぬかい,4421200,1,,
4421246,豊後大野市緒方町,ぶんごおおのしおがたまち,4421200,1,,
4420401,日田市中津江村合瀬,ひたしなかつえむらごうせ,4420400,1,1,
4420402,日田市三本松,ひたしさんぼんまつ,4420400,1,1,
4420420,日田市天瀬町,ひたしあまがせまち,4420400,1,,
4420433,日田市上津江町,ひたしかみつえまち,4420400,1,,
4420435,日田市田島,ひたしたしま,4420400,1,,
4420438,日田市中津江村栃野,ひたしなかつえむらとちの,4420400,1,,
4420439,日田市大山町,ひたしおおやままち,4420400,1,,
4420440,日田市前津江町,ひたしまえつえまち,4420400,1,,
4420820,竹田市竹田小学校,たけたしたけたしょうがっこう,4420800,1,,
4420821,竹田市直入小学校,たけたしなおいりしょうがっこう,4420800,1,,
4420832,竹田市久住町,たけたしくじゅうまち,4420800,1,,
4420833,竹田市直入町,たけたしなおいりまち,4420800,1,,
4420834,竹田市会々,たけたしあいあい,4420800,1,,
4420836,竹田市荻町,たけたしおぎまち,4420800,1,,
4446131,九重町後野上,ここのえまちうしろのがみ,4446100,1,,
4446200,玖珠町帆足,くすまちほあし,4446200,1,1,
4520303,延岡市天神小路,のべおかしてんじんこうじ,4520300,1,1,
4520304,延岡市北方総合運動公園,のべおかしきたかたそうごううんどうこうえん,4520300,1,1,
4520321,延岡市北川町川内名白石,のべおかしきたがわまちかわちみょうしらいし,4520300,1,,
4520333,延岡市北川町総合支所,のべおかしきたがわまちそうごうししょ,4520300,1,,
4520334,延岡市北浦町古江,のべおかしきたうらまちふるえ,4520300,1,,
4520336,延岡市東本小路,のべおかしひがしほんこうじ,4520300,1,,
4520337,延岡市北方町総合支所,のべおかしきたかたまちそうごうししょ,4520300,1,,
4520601,日向市亀崎,ひゅうがしかめざき,4520600,1,1,
4520602,日向市大王谷運動公園,ひゅうがしだいおうだにうんどうこうえん,4520600,1,1,
4520621,日向市富高,ひゅうがしとみたか,4520600,1,,
4520631,日向市東郷町山陰,ひゅうがしとうごうちょうやまげ,4520600,1,,
4520820,西都市上の宮,さいとしうえのみや,4520800,1,,
4520832,西都市聖陵町,さいとしせいりょうちょう,4520800,1,,
4540132,高鍋町上江,たかなべちょうかみえ,4540100,1,,
4540200,新富町上富田,しんとみちょうかみとんだ,4540200,1,1,
4540431,木城町高城,きじょうちょうたかじょう,4540400,1,,
4540531,川南町川南,かわみなみちょうかわみなみ,4540500,1,,
4540600,宮崎都農町川北,みやざきつのちょうかわきた,4540600,1,1,
4540620,宮崎都農町役場,みやざきつのちょうやくば,4540600,1,,
4542132,門川町平城東,かどがわちょうひらじょうひがし,4542100,1,,
4540320,西米良村板谷,にしめらそんいたや,4540300,1,,
4540332,西米良村村所,にしめらそんむらしょ,4540300,1,,
4542930,諸塚村家代,もろつかそんえしろ,4542900,1,,
4543020,椎葉村総合運動公園,しいばそんそうごううんどうこうえん,4543000,1,,
4543032,椎葉村下福良,しいばそんしもふくら,4543000,1,,
4543120,宮崎美郷町宇納間,みやざきみさとちょううなま,4543100,1,,
4543130,宮崎美郷町神門,みやざきみさとちょうみかど,4543100,1,,
4543133,宮崎美郷町田代,みやざきみさとちょうたしろ,4543100,1,,
4544100,高千穂町三田井,たかちほちょうみたい,4544100,1,1,
4544120,高千穂町寺迫,たかちほちょうてらさこ,4544100,1,,
4544232,日之影町七折,ひのかげちょうななおり,4544200,1,,
4544332,五ヶ瀬町三ヶ所,ごかせちょうさんがしょ,4544300,1,,
4520101,宮崎市霧島,みやざきしきりしま,4520100,1,1,
4520120,宮崎市松橋,みやざきしまつばし,4520100,1,,
4520121,宮崎市田野町体育館,みやざきしたのちょうたいいくかん,4520100,1,,
4520135,宮崎市高岡町内山,みやざきしたかおかちょううちやま,4520100,1,,
4520136,宮崎市田野支所,みやざきしたのししょ,4520100,1,,
4520137,宮崎市清武町船引,みやざきしきよたけちょうふなひき,4520100,1,,
4520138,宮崎市佐土原町下田島,みやざきしさどわらちょうしもたじま,4520100,1,,
4520400,日南市油津,にちなんしあぶらつ,4520400,1,1,
4520401,日南市北郷町大藤,にちなんしきたごうちょうおおふじ,4520400,1,1,
4520420,日南市吾田東,にちなんしあがたひがし,4520400,1,,
4520435,日南市南郷町南町,にちなんしなんごうちょうみなみまち,4520400,1,,
4520436,日南市中央通,にちなんしちゅうおうどおり,4520400,1,,
4520437,日南市北郷町郷之原,にちなんしきたごうちょうごうのはら,4520400,1,,
4520701,串間市奈留,くしましなる,4520700,1,1,
4520720,串間市都井,くしましとい,4520700,1,,
4520730,串間市役所,くしましやくしょ,4520700,1,,
4538230,国富町本庄,くにとみちょうほんじょう,4538200,1,,
4538321,綾町南俣健康センター,あやちょうみなみまたけんこうせんたー,4538300,1,,
4538331,綾町役場,あやちょうやくば,4538300,1,,
4520200,都城市菖蒲原,みやこのじょうしあやめばる,4520200,1,1,
4520201,都城市高崎町江平,みやこのじょうしたかざきちょうえひら,4520200,1,1,
4520220,都城市姫城町,みやこのじょうしひめぎちょう,4520200,1,,
4520221,都城市高崎町大牟田,みやこのじょうしたかざきちょうおおむた,4520200,1,,
4520236,都城市高城町穂満坊,みやこのじょうしたかじょうちょうほまんぼう,4520200,1,,
4520238,都城市山之口町花木,みやこのじょうしやまのくちちょうはなのき,4520200,1,,
4520239,都城市山田町山田,みやこのじょうしやまだちょうやまだ,4520200,1,,
4520501,小林市真方,こばやししまかた,4520500,1,1,
4520521,小林市役所,こばやししやくしょ,4520500,1,,
4520533,小林市中原,こばやししなかはら,4520500,1,,
4520534,小林市野尻町東麓,こばやししのじりちょうひがしふもと,4520500,1,,
4520930,えびの市加久藤,えびのしかくとう,4520900,1,,
4534131,三股町五本松,みまたちょうごほんまつ,4534100,1,,
4536130,高原町西麓,たかはるちょうにしふもと,4536100,1,,
4620100,鹿児島市東郡元,かごしましひがしこおりもと,4620100,1,1,
4620101,鹿児島市下福元,かごしまししもふくもと,4620100,1,1,
4620120,鹿児島市祇園之洲町,かごしましぎおんのすちょう,4620100,1,,
4620121,鹿児島市喜入町,かごしましきいれちょう,4620100,1,,
4620132,鹿児島市桜島赤水新島,かごしましさくらじまあかみずしんじま,4620100,1,,
4620135,鹿児島市本城,かごしましほんじょう,4620100,1,,
4620136,鹿児島市郡山,かごしましこおりやま,4620100,1,,
4620137,鹿児島市桜島藤野,かごしましさくらじまふじの,4620100,1,,
4620138,鹿児島市上谷口,かごしましかみたにぐち,4620100,1,,
4620401,枕崎市高見町,まくらざきしたかみちょう,4620400,1,1,
4620420,枕崎市若葉町,まくらざきしわかばちょう,4620400,1,,
4620601,阿久根市赤瀬川,あくねしあかせがわ,4620600,1,1,
4620620,阿久根市鶴見町,あくねしつるみちょう,4620600,1,,
4620821,鹿児島出水市緑町,かごしまいずみしみどりまち,4620800,1,,
4620830,鹿児島出水市桂島,かごしまいずみしかつらしま,4620800,1,,
4620835,鹿児島出水市高尾野町,かごしまいずみしたかおのまち,4620800,1,,
4620836,鹿児島出水市野田町,かごしまいずみしのだちょう,4620800,1,,
4621000,指宿市山川新生町,いぶすきしやまがわしんせいちょう,4621000,1,1,
4621020,指宿市十町,いぶすきしじゅっちょう,4621000,1,,
4621032,指宿市開聞十町,いぶすきしかいもんじゅっちょう,4621000,1,,
4621500,薩摩川内市中郷,さつませんだいしちゅうごう,4621501,1,1,
4621520,薩摩川内市神田町,さつませんだいしかんだちょう,4621501,1,,
4621533,薩摩川内市祁答院町,さつませんだいしけどういんちょう,4621501,1,,
4621536,薩摩川内市入来町,さつませんだいしいりきちょう,4621501,1,,
4621537,薩摩川内市東郷町,さつませんだいしとうごうちょう,4621501,1,,
4621538,薩摩川内市樋脇町,さつませんだいしひわきちょう,4621501,1,,
4621620,日置市日吉町日置,ひおきしひよしちょうひおき,4621600,1,,
4621633,日置市東市来町長里,ひおきしひがしいちきちょうながさと,4621600,1,,
4621634,日置市伊集院町郡,ひおきしいじゅういんちょうこおり,4621600,1,,
4621635,日置市吹上町中原,ひおきしふきあげちょうなかはら,4621600,1,,
4621800,霧島市隼人町内山田,きりしましはやとちょううちやまだ,4621800,1,1,
4621802,鹿児島空港,かごしまくうこう,4621800,1,1,
4621820,霧島市横川町中ノ,きりしましよこがわちょうなかの,4621800,1,,
4621821,霧島市国分中央,きりしましこくぶちゅうおう,4621800,1,,
4621834,霧島市溝辺町有川,きりしましみぞべちょうありかわ,4621800,1,,
4621836,霧島市霧島田口,きりしましきりしまたぐち,4621800,1,,
4621837,霧島市福山町牧之原,きりしましふくやまちょうまきのはら,4621800,1,,
4621838,霧島市牧園町宿窪田,きりしましまきぞのちょうしゅくくぼた,4621800,1,,
4621920,いちき串木野市緑町,いちきくしきのしみどりちょう,4621900,1,,
4621931,いちき串木野市湊町,いちきくしきのしみなとまち,4621900,1,,
4622020,南さつま市加世田川畑,みなみさつましかせだかわばた,4622000,1,,
4622035,南さつま市大浦町,みなみさつましおおうらちょう,4622000,1,,
4622036,南さつま市坊津町久志,みなみさつましぼうのつちょうくし,4622000,1,,
4622038,南さつま市笠沙町片浦,みなみさつましかささちょうかたうら,4622000,1,,
4622039,南さつま市金峰町尾下,みなみさつましきんぽうちょうおくだり,4622000,1,,
4622320,南九州市頴娃町牧之内,みなみきゅうしゅうしえいちょうまきのうち,4622300,1,,
4622331,南九州市川辺町平山,みなみきゅうしゅうしかわなべちょうひらやま,4622300,1,,
4622332,南九州市知覧町郡,みなみきゅうしゅうしちらんちょうこおり,4622300,1,,
4622400,伊佐市大口山野,いさしおおくちやまの,4622400,1,1,
4622420,伊佐市大口鳥巣,いさしおおくちとりす,4622400,1,,
4622431,伊佐市菱刈前目,いさしひしかりまえめ,4622400,1,,
4622521,姶良市蒲生町北,あいらしかもうちょうきた,4622500,1,,
4622532,姶良市加治木町本町,あいらしかじきちょうもとまち,4622500,1,,
4622535,姶良市宮島町,あいらしみやじままち,4622500,1,,
4639201,さつま町宮之城屋地,さつまちょうみやのじょうやち,4639200,1,1,
4639220,さつま町宮之城保健センタ,さつまちょうみやのじょうほけんせんた,4639200,1,,
4639230,さつま町神子,さつまちょうこうし,4639200,1,,
4639231,さつま町求名,さつまちょうぐみょう,4639200,1,,
4640420,長島町鷹巣,ながしまちょうたかのす,4640400,1,,
4640431,長島町獅子島,ながしまちょうししじま,4640400,1,,
4640433,長島町指江,ながしまちょうさすえ,4640400,1,,
4640434,長島町伊唐島,ながしまちょういからじま,4640400,1,,
4645232,湧水町栗野,ゆうすいちょうくりの,4645200,1,,
4645233,湧水町吉松,ゆうすいちょうよしまつ,4645200,1,,
4620300,鹿屋市新栄町,かのやししんえいちょう,4620300,1,1,
4620320,鹿屋市札元,かのやしふだもと,4620300,1,,
4620334,鹿屋市輝北町上百引,かのやしきほくちょうかみもびき,4620300,1,,
4620335,鹿屋市吾平町麓,かのやしあいらちょうふもと,4620300,1,,
4620336,鹿屋市串良町岡崎,かのやしくしらちょうおかざき,4620300,1,,
4621420,垂水市田神,たるみずしたがみ,4621400,1,,
4621720,曽於市大隅町中之内,そおしおおすみちょうなかのうち,4621700,1,,
4621731,曽於市末吉町二之方,そおしすえよしちょうにのかた,4621700,1,,
4621732,曽於市財部町南俣,そおしたからべちょうみなみまた,4621700,1,,
4622100,志布志市志布志町志布志,しぶしししぶしちょうしぶし,4622100,1,1,
4622130,志布志市松山町新橋,しぶししまつやまちょうしんばし,4622100,1,,
4622131,志布志市有明町野井倉,しぶししありあけちょうのいくら,4622100,1,,
4646820,大崎町仮宿,おおさきちょうかりじゅく,4646800,1,,
4648231,東串良町川西,ひがしくしらちょうかわにし,4648200,1,,
4649000,錦江町田代麓,きんこうちょうたしろふもと,4649000,1,1,
4649020,錦江町田代支所,きんこうちょうたしろししょ,4649000,1,,
4649031,錦江町城元,きんこうちょうしろもと,4649000,1,,
4649120,南大隅町佐多伊座敷,みなみおおすみちょうさたいざしき,4649100,1,,
4649132,南大隅町根占,みなみおおすみちょうねじめ,4649100,1,,
4649220,肝付町北方,きもつきちょうきたかた,4649200,1,,
4649231,肝付町新富,きもつきちょうにいとみ,4649200,1,,
4630401,鹿児島十島村中之島徳之尾,かごしまとしまむらなかのしまとくのお,4630400,1,1,
4630439,鹿児島十島村平島,かごしまとしまむらたいらじま,4630400,1,,
4630443,鹿児島十島村宝島,かごしまとしまむらたからじま,4630400,1,,
4630444,鹿児島十島村口之島出張所,かごしまとしまむらくちのしましゅっちょうしょ,4630400,1,,
4630445,鹿児島十島村中之島出張所,かごしまとしまむらなかのしましゅっちょうしょ,4630400,1,,
4630446,鹿児島十島村諏訪之瀬島,かごしまとしまむらすわのせじま,4630400,1,,
4630447,鹿児島十島村悪石島,かごしまとしまむらあくせきじま,4630400,1,,
4630448,鹿児島十島村小宝島,かごしまとしまむらこだからじま,4630400,1,,
4621501,薩摩川内市下甑町青瀬,さつませんだいししもこしきちょうあおせ,4621502,1,1,
4621521,薩摩川内市下甑町手打,さつませんだいししもこしきちょうてうち,4621502,1,,
4621522,薩摩川内市上甑町,さつませんだいしかみこしきちょう,4621502,1,,
4621534,薩摩川内市里町,さつませんだいしさとちょう,4621502,1,,
4621535,薩摩川内市鹿島町,さつませんだいしかしまちょう,4621502,1,,
4621301,西之表市住吉,にしのおもてしすみよし,4621300,1,1,
4621302,西之表市西之表,にしのおもてしにしのおもて,4621300,1,1,
4621320,西之表市役所,にしのおもてしやくしょ,4621300,1,,
4630333,三島村硫黄島,みしまむらいおうじま,4630300,1,,
4630334,三島村竹島,みしまむらたけしま,4630300,1,,
4630335,三島村黒島,みしまむらくろしま,4630300,1,,
4650120,中種子町野間,なかたねちょうのま,4650100,1,,
4650200,南種子町中之下,みなみたねちょうなかのしも,4650200,1,1,
4650220,南種子町西之,みなみたねちょうにしの,4650200,1,,
4650231,南種子町中之上,みなみたねちょうなかのかみ,4650200,1,,
4650500,屋久島町小瀬田,やくしまちょうこせだ,4650500,1,1,
4650501,屋久島町口永良部島池田,やくしまちょうくちのえらぶじまいけだ,4650500,1,1,
4650502,屋久島町平内,やくしまちょうひらうち,4650500,1,1,
4650521,屋久島町尾之間,やくしまちょうおのあいだ,4650500,1,,
4650522,屋久島町宮之浦,やくしまちょうみやのうら,4650500,1,,
4650531,屋久島町口永良部島公民館,やくしまちょうくちのえらぶじまこうみんかん,4650500,1,,
4622200,奄美市名瀬港町,あまみしなぜみなとまち,4622200,1,1,
4622221,奄美市笠利町里,あまみしかさりちょうさと,4622200,1,,
4622235,奄美市住用町西仲間,あまみしすみようちょうにしなかま,4622200,1,,
4622236,奄美市名瀬幸町,あまみしなぜさいわいちょう,4622200,1,,
4652320,大和村思勝,やまとそんおんがち,4652300,1,,
4652431,宇検村湯湾,うけんそんゆわん,4652400,1,,
4652500,瀬戸内町西古見,せとうちちょうにしこみ,4652500,1,1,
4652520,瀬戸内町古仁屋,せとうちちょうこにや,4652500,1,,
4652531,瀬戸内町請島,せとうちちょううけじま,4652500,1,,
4652533,瀬戸内町加計呂麻島,せとうちちょうかけろまじま,4652500,1,,
4652534,瀬戸内町与路島,せとうちちょうよろじま,4652500,1,,
4652700,龍郷町屋入,たつごうちょうやにゅう,4652700,1,1,
4652731,龍郷町浦,たつごうちょううら,4652700,1,,
4652900,喜界町滝川,きかいちょうたきがわ,4652900,1,1,
4652931,喜界町湾,きかいちょうわん,4652900,1,,
4653033,徳之島町亀津,とくのしまちょうかめつ,4653000,1,,
4653100,天城町当部,あまぎちょうとうべ,4653100,1,1,
4653131,天城町平土野,あまぎちょうへとの,4653100,1,,
4653220,伊仙町伊仙,いせんちょういせん,4653200,1,,
4653300,和泊町国頭,わどまりちょうくにがみ,4653300,1,1,
4653332,和泊町和泊,わどまりちょうわどまり,4653300,1,,
4653400,知名町瀬利覚,ちなちょうせりかく,4653400,1,1,
4653420,知名町知名,ちなちょうちな,4653400,1,,
4653500,与論町麦屋,よろんちょうむぎや,4653500,1,1,
4653520,与論町茶花,よろんちょうちゃばな,4653500,1,,
4720900,名護市宮里,なごしみやざと,4720900,1,1,
4720901,名護市豊原,なごしとよはら,4720900,1,1,
4720920,名護市港,なごしみなと,4720900,1,,
4730100,国頭村奥,くにがみそんおく,4730100,1,1,
4730120,国頭村辺土名,くにがみそんへんとな,4730100,1,,
4730233,大宜味村大兼久,おおぎみそんおおがねく,4730200,1,,
4730330,東村平良,ひがしそんたいら,4730300,1,,
4730631,今帰仁村仲宗根,なきじんそんなかそね,4730600,1,,
4730832,本部町役場,もとぶちょうやくば,4730800,1,,
4731131,恩納村恩納,おんなそんおんな,4731100,1,,
4731330,宜野座村宜野座,ぎのざそんぎのざ,4731300,1,,
4731430,金武町金武,きんちょうきん,4731400,1,,
4731530,伊江村東江前,いえそんひがしえまえ,4731500,1,,
4735501,粟国村浜,あぐにそんはま,4735500,1,1,
4735532,粟国村役場,あぐにそんやくば,4735500,1,,
4735900,伊平屋村我喜屋,いへやそんがきや,4735900,1,1,
4735930,伊平屋村役場,いへやそんやくば,4735900,1,,
4736032,伊是名村仲田,いぜなそんなかだ,4736000,1,,
4720100,那覇市樋川,なはしひがわ,4720100,1,1,
4720101,那覇空港,なはくうこう,4720100,1,1,
4720120,那覇市港町,なはしみなとまち,4720100,1,,
4720531,宜野湾市野嵩,ぎのわんしのだけ,4720500,1,,
4720830,浦添市安波茶,うらそえしあはちゃ,4720800,1,,
4721031,糸満市潮崎町,いとまんししおざきちょう,4721000,1,,
4721131,沖縄市美里,おきなわしみさと,4721100,1,,
4721233,豊見城市宜保,とみぐすくしぎぼ,4721200,1,,
4721320,うるま市みどり町,うるましみどりまち,4721300,1,,
4721333,うるま市石川石崎,うるましいしかわいしざき,4721300,1,,
4721334,うるま市与那城平安座,うるましよなしろへんざ,4721300,1,,
4721336,うるま市勝連平安名,うるましかつれんへんな,4721300,1,,
4721502,南城市玉城字玉城,なんじょうしたまぐすくあざたまぐすく,4721500,1,1,
4721520,南城市知念久手堅,なんじょうしちねんくでけん,4721500,1,,
4721533,南城市佐敷字佐敷,なんじょうしさしきあざさしき,4721500,1,,
4721534,南城市大里仲間,なんじょうしおおざとなかま,4721500,1,,
4721535,南城市佐敷字新里,なんじょうしさしきあざしんざと,4721500,1,,
4732401,読谷村座喜味,よみたんそんざきみ,4732400,1,1,
4732530,嘉手納町嘉手納,かでなちょうかでな,4732500,1,,
4732630,北谷町桑江,ちゃたんちょうくわえ,4732600,1,,
4732731,北中城村喜舎場,きたなかぐすくそんきしゃば,4732700,1,,
4732831,中城村当間,なかぐすくそんとうま,4732800,1,,
4732931,西原町与那城,にしはらちょうよなぐすく,4732900,1,,
4734833,与那原町上与那原,よなばるちょううえよなばる,4734800,1,,
4735030,南風原町兼城,はえばるちょうかねぐすく,4735000,1,,
4735332,渡嘉敷村渡嘉敷,とかしきそんとかしき,4735300,1,,
4735433,座間味村座間味,ざまみそんざまみ,4735400,1,,
4735630,渡名喜村渡名喜,となきそんとなき,4735600,1,,
4736232,八重瀬町具志頭,やえせちょうぐしちゃん,4736200,1,,
4736233,八重瀬町東風平,やえせちょうこちんだ,4736200,1,,
4736101,久米島町山城,くめじまちょうやましろ,4736100,1,1,
4736102,久米島町謝名堂,くめじまちょうじゃなどう,4736100,1,1,
4736120,久米島町仲泊,くめじまちょうなかどまり,4736100,1,,
4736130,久米島町比嘉,くめじまちょうひが,4736100,1,,
4735700,南大東村在所,みなみだいとうそんざいしょ,4735700,1,1,
4735701,南大東村池之沢,みなみだいとうそんいけのさわ,4735700,1,1,
4735730,南大東村役場,みなみだいとうそんやくば,4735700,1,,
4735800,北大東村黄金山,きただいとうそんこがねやま,4735800,1,1,
4735831,北大東村中野,きただいとうそんなかの,4735800,1,,
4721400,宮古島市平良下里,みやこじましひららしもざと,4721400,1,1,
4721402,宮古島市城辺福北,みやこじましぐすくべふくきた,4721400,1,1,
4721403,宮古島市平良池間,みやこじましひららいけま,4721400,1,1,
4721405,宮古島市上野新里,みやこじましうえのしんざと,4721400,1,1,
4721406,宮古島市伊良部前里添,みやこじましいらぶまえさとそえ,4721400,1,1,
4721420,宮古島市平良狩俣,みやこじましひららかりまた,4721400,1,,
4721421,宮古島市城辺福西,みやこじましぐすくべふくせい,4721400,1,,
4721435,宮古島市下地,みやこじまししもじ,4721400,1,,
4721436,宮古島市上野支所,みやこじましうえのししょ,4721400,1,,
4721438,宮古島市平良西里,みやこじましひららにしざと,4721400,1,,
4721439,宮古島市下地島空港,みやこじまししもじしまくうこう,4721400,1,,
4737500,多良間村塩川,たらまそんしおかわ,4737500,1,1,
4737530,多良間村仲筋,たらまそんなかすじ,4737500,1,,
4720700,石垣市登野城,いしがきしとのしろ,4720700,1,1,
4720701,石垣市新川,いしがきしあらかわ,4720700,1,1,
4720702,石垣市平久保,いしがきしひらくぼ,4720700,1,1,
4720720,石垣市新栄町,いしがきししんえいちょう,4720700,1,,
4720721,石垣市伊原間,いしがきしいばるま,4720700,1,,
4720731,石垣市真栄里,いしがきしまえざと,4720700,1,,
4738200,与那国町祖納,よなぐにちょうそない,4738200,1,1,
4738202,与那国町久部良,よなぐにちょうくぶら,4738200,1,1,
4738230,与那国町役場,よなぐにちょうやくば,4738200,1,,
4738104,竹富町大原,たけとみちょうおおはら,4738100,1,1,
4738105,竹富町黒島,たけとみちょうくろしま,4738100,1,1,
4738111,竹富町波照間,たけとみちょうはてるま,4738100,1,1,
4738112,竹富町上原小学校,たけとみちょううえはらしょうがっこう,4738100,1,1,
4738120,竹富町上原青年会館,たけとみちょううえはらせいねんかいかん,4738100,1,,
0420299,石巻小渕浜,,0420200,,1,
1410199,Ｊ横浜鶴見,,1410100,,1,
4630499,宝島,,4630400,,1,
いしかりちほうちゅうぶ,0110100,札幌中央区北２条,,,,1
おしまちほうとうぶ,0120201,函館市尾札部町,,,,1
しりべしちほうほくぶ,0120300,小樽市勝納町,,,,1
かみかわちほうちゅうぶ,0120401,旭川市宮前１条,,,,1
いぶりちほうちゅうとうぶ,0120501,室蘭市山手町,,,,1
くしろちほうちゅうなんぶ,0120601,釧路市幸町,,,,1
とかちちほうちゅうぶ,0120700,帯広市東４条,,,,1
きたみちほう,0120800,北見市公園町,,,,1
そらちちほうなんぶ,0120900,夕張市若菜,,,,1
あばしりちほう,0121100,網走市台町,,,,1
るもいちほうなんぶ,0121201,留萌市大町,,,,1
そうやちほうほくぶ,0121401,稚内市恵北,,,,1
そらちちほうちゅうぶ,0121600,芦別市旭町,,,,1
もんべつちほう,0121901,紋別市南が丘町,,,,1
かみかわちほうほくぶ,0122001,士別市朝日町,,,,1
ねむろちほうなんぶ,0122300,根室市弥栄,,,,1
いしかりちほうなんぶ,0122400,千歳市北栄,,,,1
かみかわちほうなんぶ,0122900,富良野市若松町,,,,1
いぶりちほうせいぶ,0123300,胆振伊達市梅本,,,,1
いしかりちほうほくぶ,0123500,石狩市花川,,,,1
おしまちほうせいぶ,0133100,渡島松前町福山,,,,1
おしまちほうほくぶ,0134601,八雲町上の湯,,,,1
ひやまちほう,0136101,檜山江差町姥神,,,,1
ほっかいどうおくしりとう,0136701,奥尻町松江,,,,1
しりべしちほうせいぶ,0139100,島牧村江ノ島,,,,1
しりべしちほうとうぶ,0140000,倶知安町南１条,,,,1
そらちちほうほくぶ,0143700,北竜町竜西,,,,1
るもいちほうちゅうほくぶ,0148400,羽幌町南３条,,,,1
そうやちほうなんぶ,0151401,宗谷枝幸町岬町,,,,1
ほっかいどうりしりれぶん,0151700,礼文町上泊埼,,,,1
ひだかちほうせいぶ,0160200,平取町仁世宇,,,,1
ひだかちほうとうぶ,0160701,浦河町野深,,,,1
ひだかちほうちゅうぶ,0161001,新ひだか町静内山手町,,,,1
とかちちほうなんぶ,0164200,広尾町並木通,,,,1
とかちちほうほくぶ,0164700,足寄町上螺湾,,,,1
くしろちほうほくぶ,0166501,弟子屈町美里,,,,1
ねむろちほうちゅうぶ,0169100,別海町常盤,,,,1
ねむろちほうほくぶ,0169200,中標津町養老牛,,,,1
あおもりけんつがるほくぶ,0220100,青森市花園,,,,1
あおもりけんつがるなんぶ,0220200,弘前市和田町,,,,1
あおもりけんさんぱちかみきた,0220301,八戸市島守,,,,1
あおもりけんしもきた,0220800,むつ市金曲,,,,1
いわてけんないりくほくぶ,0320100,盛岡市山王町,,,,1
いわてけんえんがんほくぶ,0320200,宮古市鍬ヶ崎,,,,1
いわてけんえんがんなんぶ,0320300,大船渡市大船渡町,,,,1
いわてけんないりくなんぶ,0320500,花巻市大迫町,,,,1
みやぎけんちゅうぶ,0410101,仙台青葉区大倉,,,,1
みやぎけんほくぶ,0420500,気仙沼市赤岩,,,,1
みやぎけんなんぶ,0420700,仙台空港,,,,1
あきたけんえんがんなんぶ,0520100,秋田市山王,,,,1
あきたけんえんがんほくぶ,0520200,能代市緑町,,,,1
あきたけんないりくなんぶ,0520301,横手市雄物川町今宿,,,,1
あきたけんないりくほくぶ,0520400,大館市比内町味噌内,,,,1
やまがたけんむらやま,0620100,山形市緑町,,,,1
やまがたけんおきたま,0620200,米沢市駅前,,,,1
やまがたけんしょうない,0620300,鶴岡市馬場町,,,,1
やまがたけんもがみ,0620500,新庄市東谷地田町,,,,1
ふくしまけんなかどおり,0720101,福島市花園町,,,,1
ふくしまけんあいづ,0720201,会津若松市材木町,,,,1
ふくしまけんはまどおり,0720400,いわき市小名浜,,,,1
いばらきけんほくぶ,0820101,水戸市金町,,,,1
いばらきけんなんぶ,0820301,土浦市常名,,,,1
とちぎけんなんぶ,0920100,宇都宮市明保野町,,,,1
とちぎけんほくぶ,0920601,日光市瀬川,,,,1
ぐんまけんなんぶ,1020101,前橋市昭和町,,,,1
ぐんまけんほくぶ,1020601,沼田市西倉内町,,,,1
さいたまけんなんぶ,1110320,さいたま大宮区天沼町,,,,1
さいたまけんほくぶ,1120200,熊谷市桜町,,,,1
さいたまけんちちぶ,1120701,秩父市上町,,,,1
ちばけんほくせいぶ,1210101,千葉中央区中央港,,,,1
ちばけんほくとうぶ,1220200,銚子市川口町,,,,1
ちばけんなんぶ,1220501,館山市長須賀,,,,1
とうきょうとにじゅうさんく,1310100,東京千代田区大手町,,,,1
とうきょうとたまとうぶ,1320100,八王子市大横町,,,,1
とうきょうとたませいぶ,1320510,青梅市東青梅,,,,1
いずおおしま,1336103,伊豆大島町差木地,,,,1
にいじま,1336200,東京利島村東山,,,,1
こうづしま,1336401,神津島村金長,,,,1
みやけじま,1338103,三宅村神着,,,,1
はちじょうじま,1340103,八丈町樫立,,,,1
おがさわら,1342100,小笠原村父島西町,,,,1
かながわけんとうぶ,1410199,横浜鶴見区大黒ふ頭,,,,1
かながわけんせいぶ,1415100,相模原緑区若柳,,,,1
にいがたけんかえつ,1510200,新潟空港,,,,1
にいがたけんちゅうえつ,1520200,長岡市幸町,,,,1
にいがたけんじょうえつ,1521600,糸魚川市一の宮,,,,1
にいがたけんさど,1522401,佐渡市相川金山,,,,1
とやまけんとうぶ,1620100,富山市石坂,,,,1
とやまけんせいぶ,1620200,高岡市伏木,,,,1
いしかわけんかが,1720100,金沢市西念,,,,1
いしかわけんのと,1720200,七尾市本府中町,,,,1
ふくいけんれいほく,1820100,福井市豊島,,,,1
ふくいけんれいなん,1820200,敦賀市松栄町,,,,1
やまなしけんちゅうせいぶ,1920100,甲府市飯田,,,,1
やまなしけんとうぶふじごこ,1920601,大月市大月,,,,1
ながのけんほくぶ,2020100,長野市箱清水,,,,1
ながのけんちゅうぶ,2020201,松本市沢村,,,,1
ながのけんなんぶ,2020502,飯田市高羽町,,,,1
ぎふけんみのちゅうせいぶ,2120100,岐阜市加納二之丸,,,,1
ぎふけんひだ,2120301,高山市丹生川町森部,,,,1
ぎふけんみのとうぶ,2120600,中津川市かやの木町,,,,1
しずおかけんちゅうぶ,2210201,静岡駿河区曲金,,,,1
しずおかけんせいぶ,2213801,浜松中央区高丘東,,,,1
しずおかけんいず,2220501,熱海市網代,,,,1
しずおかけんとうぶ,2220601,三島市東本町,,,,1
あいちけんせいぶ,2310100,名古屋千種区日和町,,,,1
あいちけんとうぶ,2320100,豊橋市向山,,,,1
みえけんちゅうぶ,2420100,津市島崎町,,,,1
みえけんほくぶ,2420201,四日市市日永,,,,1
みえけんなんぶ,2420301,伊勢市矢持町,,,,1
しがけんなんぶ,2520100,大津市御陵町,,,,1
しがけんほくぶ,2520201,彦根市城町,,,,1
きょうとふなんぶ,2610400,京都中京区西ノ京,,,,1
きょうとふほくぶ,2620100,福知山市内記,,,,1
おおさかふほくぶ,2711420,大阪東淀川区柴島,,,,1
おおさかふなんぶ,2714200,大阪堺市中区深井清水町,,,,1
ひょうごけんなんとうぶ,2811001,神戸中央区脇浜,,,,1
ひょうごけんなんせいぶ,2820100,姫路市神子岡前,,,,1
ひょうごけんあわじしま,2820501,洲本市物部,,,,1
ひょうごけんほくぶ,2820901,豊岡市桜町,,,,1
ならけん,2920102,奈良市西紀寺町,,,,1
わかやまけんほくぶ,3020100,和歌山市男野芝丁,,,,1
わかやまけんなんぶ,3020600,田辺市中辺路町近露,,,,1
とっとりけんとうぶ,3120100,鳥取市吉方,,,,1
とっとりけんせいぶ,3120202,米子市博労町,,,,1
とっとりけんちゅうぶ,3120301,倉吉市岩倉長峯,,,,1
しまねけんとうぶ,3220101,松江市西生馬町,,,,1
しまねけんせいぶ,3220201,浜田市大辻町,,,,1
しまねけんおき,3252801,隠岐の島町西町,,,,1
おかやまけんなんぶ,3310100,岡山北区桑田町,,,,1
おかやまけんほくぶ,3320301,津山市林田,,,,1
ひろしまけんなんせいぶ,3410100,広島中区上八丁堀,,,,1
ひろしまけんなんとうぶ,3420400,三原市円一町,,,,1
ひろしまけんほくぶ,3420900,広島三次市十日市中,,,,1
やまぐちけんせいぶ,3520100,下関市竹崎,,,,1
やまぐちけんちゅうぶ,3520302,山口市前町,,,,1
やまぐちけんほくぶ,3520401,萩市土原,,,,1
やまぐちけんとうぶ,3520803,岩国市今津,,,,1
とくしまけんほくぶ,3620101,徳島市大和町,,,,1
とくしまけんなんぶ,3620400,阿南市富岡町,,,,1
かがわけんとうぶ,3720101,高松空港,,,,1
かがわけんせいぶ,3720300,坂出市王越町,,,,1
えひめけんちゅうよ,3820101,松山市北持田町,,,,1
えひめけんとうよ,3820200,今治市南宝来町二丁目,,,,1
えひめけんなんよ,3820300,宇和島市住吉町,,,,1
こうちけんちゅうぶ,3920100,高知市本町,,,,1
こうちけんとうぶ,3920201,室戸市吉良川町,,,,1
こうちけんせいぶ,3920800,宿毛市片島,,,,1
ふくおかけんきたきゅうしゅう,4010800,北九州八幡東区桃園,,,,1
ふくおかけんふくおか,4013200,福岡空港,,,,1
ふくおかけんちくご,4020200,大牟田市笹林,,,,1
ふくおかけんちくほう,4020501,飯塚市川島,,,,1
さがけんなんぶ,4120100,佐賀市駅前中央,,,,1
さがけんほくぶ,4120200,唐津市西城内,,,,1
ながさきけんなんせいぶ,4220100,長崎市南山手,,,,1
ながさきけんほくぶ,4220201,佐世保市干尽町,,,,1
ながさきけんつしま,4220900,長崎対馬市厳原町東里,,,,1
ながさきけんいき,4221000,壱岐市芦辺町中野,,,,1
ながさきけんごとう,4221101,五島市富江町繁敷,,,,1
ながさきけんしまばらはんとう,4221300,雲仙市国見町,,,,1
くまもとけんくまもと,4310300,熊本西区春日,,,,1
くまもとけんくま,4320301,人吉市西間下町,,,,1
くまもとけんあまくさあしきた,4321200,上天草市大矢野町,,,,1
くまもとけんあそ,4343300,南阿蘇村中松,,,,1
おおいたけんちゅうぶ,4420102,大分市明野北,,,,1
おおいたけんほくぶ,4420300,中津市上宮永,,,,1
おおいたけんせいぶ,4420401,日田市中津江村合瀬,,,,1
おおいたけんなんぶ,4420501,佐伯市蒲江蒲江浦,,,,1
みやざきけんなんぶへいやぶ,4520101,宮崎市霧島,,,,1
みやざきけんなんぶやまぞい,4520200,都城市菖蒲原,,,,1
みやざきけんほくぶへいやぶ,4520303,延岡市天神小路,,,,1
みやざきけんほくぶやまぞい,4544100,高千穂町三田井,,,,1
かごしまけんさつま,4620100,鹿児島市東郡元,,,,1
かごしまけんおおすみ,4620300,鹿屋市新栄町,,,,1
かごしまけんたねがしま,4621301,西之表市住吉,,,,1
かごしまけんこしきしま,4621501,薩摩川内市下甑町青瀬,,,,1
かごしまけんあまみほくぶ,4622200,奄美市名瀬港町,,,,1
かごしまけんとしまむら,4630401,鹿児島十島村中之島徳之尾,,,,1
かごしまけんやくしま,4650500,屋久島町小瀬田,,,,1
かごしまけんあまみなんぶ,4653100,天城町当部,,,,1
おきなわけんほんとうちゅうなんぶ,4720100,那覇市樋川,,,,1
おきなわけんいしがきじま,4720700,石垣市登野城,,,,1
おきなわけんほんとうほくぶ,4720900,名護市宮里,,,,1
おきなわけんみやこじま,4721400,宮古島市平良下里,,,,1
おきなわけんだいとうじま,4735700,南大東村在所,,,,1
おきなわけんくめじま,4736101,久米島町山城,,,,1
おきなわけんいりおもてじま,4738104,竹富町大原,,,,1
おきなわけんよなぐにじま,4738200,与那国町祖納,,,,1
